0 verbose cli /opt/homebrew/Cellar/node/24.1.0/bin/node /opt/homebrew/bin/npm
1 info using npm@11.3.0
2 info using node@v24.1.0
3 silly config load:file:/opt/homebrew/lib/node_modules/npm/npmrc
4 silly config load:file:/Users/skycastle3/Desktop/ICUE-mainsite-en/.npmrc
5 silly config load:file:/Users/skycastle3/.npmrc
6 silly config load:file:/usr/local/etc/npmrc
7 verbose title npm install better-sqlite3
8 verbose argv "install" "better-sqlite3"
9 verbose logfile logs-max:10 dir:/Users/skycastle3/Desktop/ICUE-mainsite-en/.npm-cache/_logs/2026-05-18T03_19_54_298Z-
10 verbose logfile /Users/skycastle3/Desktop/ICUE-mainsite-en/.npm-cache/_logs/2026-05-18T03_19_54_298Z-debug-0.log
11 silly logfile done cleaning log files
12 silly packumentCache heap:4496293888 maxSize:1124073472 maxEntrySize:562036736
13 silly idealTree buildDeps
14 silly fetch manifest better-sqlite3@^11.9.1
15 silly packumentCache full:https://registry.npmjs.org/better-sqlite3 cache-miss
16 http fetch GET 200 https://registry.npmjs.org/better-sqlite3 1671ms (cache miss)
17 silly packumentCache full:https://registry.npmjs.org/better-sqlite3 set size:undefined disposed:false
18 silly placeDep ROOT better-sqlite3@11.10.0 OK for: icue-main-site-english@1.0.0 want: ^11.9.1
19 silly fetch manifest bindings@^1.5.0
20 silly packumentCache full:https://registry.npmjs.org/bindings cache-miss
21 silly fetch manifest prebuild-install@^7.1.1
22 silly packumentCache full:https://registry.npmjs.org/prebuild-install cache-miss
23 http fetch GET 200 https://registry.npmjs.org/npm 1931ms
24 http fetch GET 200 https://registry.npmjs.org/bindings 240ms (cache miss)
25 silly packumentCache full:https://registry.npmjs.org/bindings set size:undefined disposed:false
26 http fetch GET 200 https://registry.npmjs.org/prebuild-install 1360ms (cache miss)
27 silly packumentCache full:https://registry.npmjs.org/prebuild-install set size:undefined disposed:false
28 silly placeDep ROOT bindings@1.5.0 OK for: better-sqlite3@11.10.0 want: ^1.5.0
29 silly placeDep ROOT prebuild-install@7.1.3 OK for: better-sqlite3@11.10.0 want: ^7.1.1
30 silly fetch manifest file-uri-to-path@1.0.0
31 silly packumentCache full:https://registry.npmjs.org/file-uri-to-path cache-miss
32 silly fetch manifest rc@^1.2.7
33 silly packumentCache full:https://registry.npmjs.org/rc cache-miss
34 silly fetch manifest pump@^3.0.0
35 silly packumentCache full:https://registry.npmjs.org/pump cache-miss
36 silly fetch manifest tar-fs@^2.0.0
37 silly packumentCache full:https://registry.npmjs.org/tar-fs cache-miss
38 silly fetch manifest minimist@^1.2.3
39 silly packumentCache full:https://registry.npmjs.org/minimist cache-miss
40 silly fetch manifest node-abi@^3.3.0
41 silly packumentCache full:https://registry.npmjs.org/node-abi cache-miss
42 silly fetch manifest simple-get@^4.0.0
43 silly packumentCache full:https://registry.npmjs.org/simple-get cache-miss
44 silly fetch manifest tunnel-agent@^0.6.0
45 silly packumentCache full:https://registry.npmjs.org/tunnel-agent cache-miss
46 silly fetch manifest mkdirp-classic@^0.5.3
47 silly packumentCache full:https://registry.npmjs.org/mkdirp-classic cache-miss
48 http fetch GET 200 https://registry.npmjs.org/rc 253ms (cache miss)
49 silly packumentCache full:https://registry.npmjs.org/rc set size:undefined disposed:false
50 silly fetch manifest expand-template@^2.0.3
51 silly packumentCache full:https://registry.npmjs.org/expand-template cache-miss
52 http fetch GET 200 https://registry.npmjs.org/file-uri-to-path 425ms (cache miss)
53 silly packumentCache full:https://registry.npmjs.org/file-uri-to-path set size:undefined disposed:false
54 silly fetch manifest napi-build-utils@^2.0.0
55 silly packumentCache full:https://registry.npmjs.org/napi-build-utils cache-miss
56 http fetch GET 200 https://registry.npmjs.org/pump 427ms (cache miss)
57 silly packumentCache full:https://registry.npmjs.org/pump set size:undefined disposed:false
58 silly fetch manifest github-from-package@0.0.0
59 silly packumentCache full:https://registry.npmjs.org/github-from-package cache-miss
60 http fetch GET 200 https://registry.npmjs.org/expand-template 234ms (cache miss)
61 silly packumentCache full:https://registry.npmjs.org/expand-template set size:undefined disposed:false
62 http fetch GET 200 https://registry.npmjs.org/napi-build-utils 226ms (cache miss)
63 silly packumentCache full:https://registry.npmjs.org/napi-build-utils set size:undefined disposed:false
64 http fetch GET 200 https://registry.npmjs.org/github-from-package 510ms (cache miss)
65 silly packumentCache full:https://registry.npmjs.org/github-from-package set size:undefined disposed:false
66 http fetch GET 200 https://registry.npmjs.org/tunnel-agent 1144ms (cache miss)
67 silly packumentCache full:https://registry.npmjs.org/tunnel-agent set size:undefined disposed:false
68 http fetch GET 200 https://registry.npmjs.org/minimist 1248ms (cache miss)
69 silly packumentCache full:https://registry.npmjs.org/minimist set size:undefined disposed:false
70 http fetch GET 200 https://registry.npmjs.org/simple-get 1249ms (cache miss)
71 silly packumentCache full:https://registry.npmjs.org/simple-get set size:undefined disposed:false
72 http fetch GET 200 https://registry.npmjs.org/mkdirp-classic 1983ms (cache miss)
73 silly packumentCache full:https://registry.npmjs.org/mkdirp-classic set size:undefined disposed:false
74 http fetch GET 200 https://registry.npmjs.org/tar-fs 2182ms (cache miss)
75 silly packumentCache full:https://registry.npmjs.org/tar-fs set size:undefined disposed:false
76 http fetch GET 200 https://registry.npmjs.org/node-abi 2372ms (cache miss)
77 silly packumentCache full:https://registry.npmjs.org/node-abi set size:undefined disposed:false
78 silly placeDep ROOT file-uri-to-path@1.0.0 OK for: bindings@1.5.0 want: 1.0.0
79 silly placeDep ROOT expand-template@2.0.3 OK for: prebuild-install@7.1.3 want: ^2.0.3
80 silly placeDep ROOT github-from-package@0.0.0 OK for: prebuild-install@7.1.3 want: 0.0.0
81 silly placeDep ROOT minimist@1.2.8 OK for: prebuild-install@7.1.3 want: ^1.2.3
82 silly placeDep ROOT mkdirp-classic@0.5.3 OK for: prebuild-install@7.1.3 want: ^0.5.3
83 silly placeDep ROOT napi-build-utils@2.0.0 OK for: prebuild-install@7.1.3 want: ^2.0.0
84 silly placeDep ROOT node-abi@3.92.0 OK for: prebuild-install@7.1.3 want: ^3.3.0
85 silly placeDep ROOT pump@3.0.4 OK for: prebuild-install@7.1.3 want: ^3.0.0
86 silly placeDep ROOT rc@1.2.8 OK for: prebuild-install@7.1.3 want: ^1.2.7
87 silly placeDep ROOT simple-get@4.0.1 OK for: prebuild-install@7.1.3 want: ^4.0.0
88 silly placeDep ROOT tar-fs@2.1.4 OK for: prebuild-install@7.1.3 want: ^2.0.0
89 silly placeDep ROOT tunnel-agent@0.6.0 OK for: prebuild-install@7.1.3 want: ^0.6.0
90 silly fetch manifest semver@^7.3.5
91 silly packumentCache full:https://registry.npmjs.org/semver cache-miss
92 silly fetch manifest end-of-stream@^1.1.0
93 silly packumentCache full:https://registry.npmjs.org/end-of-stream cache-miss
94 silly fetch manifest once@^1.3.1
95 silly packumentCache full:https://registry.npmjs.org/once cache-miss
96 silly fetch manifest ini@~1.3.0
97 silly packumentCache full:https://registry.npmjs.org/ini cache-miss
98 silly fetch manifest deep-extend@^0.6.0
99 silly packumentCache full:https://registry.npmjs.org/deep-extend cache-miss
100 silly fetch manifest strip-json-comments@~2.0.1
101 silly packumentCache full:https://registry.npmjs.org/strip-json-comments cache-miss
102 silly fetch manifest decompress-response@^6.0.0
103 silly packumentCache full:https://registry.npmjs.org/decompress-response cache-miss
104 silly fetch manifest once@^1.3.1
105 silly packumentCache full:https://registry.npmjs.org/once cache-miss
106 silly fetch manifest simple-concat@^1.0.0
107 silly packumentCache full:https://registry.npmjs.org/simple-concat cache-miss
108 http fetch GET 200 https://registry.npmjs.org/once 234ms (cache miss)
109 silly packumentCache full:https://registry.npmjs.org/once set size:undefined disposed:false
110 silly fetch manifest chownr@^1.1.1
111 silly packumentCache full:https://registry.npmjs.org/chownr cache-miss
112 http fetch GET 200 https://registry.npmjs.org/once 234ms (cache miss)
113 silly packumentCache full:https://registry.npmjs.org/once set size:undefined disposed:false
114 silly fetch manifest tar-stream@^2.1.4
115 silly packumentCache full:https://registry.npmjs.org/tar-stream cache-miss
116 http fetch GET 200 https://registry.npmjs.org/end-of-stream 236ms (cache miss)
117 silly packumentCache full:https://registry.npmjs.org/end-of-stream set size:undefined disposed:false
118 http fetch GET 200 https://registry.npmjs.org/simple-concat 236ms (cache miss)
119 silly packumentCache full:https://registry.npmjs.org/simple-concat set size:undefined disposed:false
120 http fetch GET 200 https://registry.npmjs.org/decompress-response 276ms (cache miss)
121 silly packumentCache full:https://registry.npmjs.org/decompress-response set size:undefined disposed:false
122 http fetch GET 200 https://registry.npmjs.org/ini 308ms (cache miss)
123 silly packumentCache full:https://registry.npmjs.org/ini set size:undefined disposed:false
124 http fetch GET 200 https://registry.npmjs.org/semver 336ms (cache miss)
125 silly packumentCache full:https://registry.npmjs.org/semver set size:undefined disposed:false
126 http fetch GET 200 https://registry.npmjs.org/deep-extend 430ms (cache miss)
127 silly packumentCache full:https://registry.npmjs.org/deep-extend set size:undefined disposed:false
128 http fetch GET 200 https://registry.npmjs.org/strip-json-comments 433ms (cache miss)
129 silly packumentCache full:https://registry.npmjs.org/strip-json-comments set size:undefined disposed:false
130 http fetch GET 200 https://registry.npmjs.org/tar-stream 251ms (cache miss)
131 silly packumentCache full:https://registry.npmjs.org/tar-stream set size:undefined disposed:false
132 http fetch GET 200 https://registry.npmjs.org/chownr 255ms (cache miss)
133 silly packumentCache full:https://registry.npmjs.org/chownr set size:undefined disposed:false
134 silly placeDep node_modules/node-abi semver@7.8.0 OK for: node-abi@3.92.0 want: ^7.3.5
135 silly placeDep ROOT end-of-stream@1.4.5 OK for: pump@3.0.4 want: ^1.1.0
136 silly placeDep ROOT once@1.4.0 OK for: pump@3.0.4 want: ^1.3.1
137 silly fetch manifest once@^1.4.0
138 silly packumentCache full:https://registry.npmjs.org/once cache-miss
139 silly fetch manifest wrappy@1
140 silly packumentCache full:https://registry.npmjs.org/wrappy cache-miss
141 http cache https://registry.npmjs.org/once 7ms (cache hit)
142 silly packumentCache full:https://registry.npmjs.org/once set size:11752 disposed:false
143 http fetch GET 200 https://registry.npmjs.org/wrappy 428ms (cache miss)
144 silly packumentCache full:https://registry.npmjs.org/wrappy set size:undefined disposed:false
145 silly placeDep ROOT wrappy@1.0.2 OK for: once@1.4.0 want: 1
146 silly placeDep ROOT deep-extend@0.6.0 OK for: rc@1.2.8 want: ^0.6.0
147 silly placeDep ROOT ini@1.3.8 OK for: rc@1.2.8 want: ~1.3.0
148 silly placeDep ROOT strip-json-comments@2.0.1 OK for: rc@1.2.8 want: ~2.0.1
149 silly placeDep ROOT decompress-response@6.0.0 OK for: simple-get@4.0.1 want: ^6.0.0
150 silly placeDep ROOT simple-concat@1.0.1 OK for: simple-get@4.0.1 want: ^1.0.0
151 silly fetch manifest mimic-response@^3.1.0
152 silly packumentCache full:https://registry.npmjs.org/mimic-response cache-miss
153 http fetch GET 200 https://registry.npmjs.org/mimic-response 276ms (cache miss)
154 silly packumentCache full:https://registry.npmjs.org/mimic-response set size:undefined disposed:false
155 silly placeDep ROOT mimic-response@3.1.0 OK for: decompress-response@6.0.0 want: ^3.1.0
156 silly placeDep node_modules/tar-fs chownr@1.1.4 OK for: tar-fs@2.1.4 want: ^1.1.1
157 silly placeDep ROOT tar-stream@2.2.0 OK for: tar-fs@2.1.4 want: ^2.1.4
158 silly fetch manifest bl@^4.0.3
159 silly packumentCache full:https://registry.npmjs.org/bl cache-miss
160 silly fetch manifest fs-constants@^1.0.0
161 silly packumentCache full:https://registry.npmjs.org/fs-constants cache-miss
162 silly fetch manifest readable-stream@^3.1.1
163 silly packumentCache full:https://registry.npmjs.org/readable-stream cache-miss
164 http fetch GET 200 https://registry.npmjs.org/readable-stream 325ms (cache miss)
165 silly packumentCache full:https://registry.npmjs.org/readable-stream set size:undefined disposed:false
166 http fetch GET 200 https://registry.npmjs.org/fs-constants 478ms (cache miss)
167 silly packumentCache full:https://registry.npmjs.org/fs-constants set size:undefined disposed:false
168 http fetch GET 200 https://registry.npmjs.org/bl 482ms (cache miss)
169 silly packumentCache full:https://registry.npmjs.org/bl set size:undefined disposed:false
170 silly placeDep ROOT bl@4.1.0 OK for: tar-stream@2.2.0 want: ^4.0.3
171 silly placeDep ROOT fs-constants@1.0.0 OK for: tar-stream@2.2.0 want: ^1.0.0
172 silly placeDep ROOT readable-stream@3.6.2 OK for: tar-stream@2.2.0 want: ^3.1.1
173 silly fetch manifest buffer@^5.5.0
174 silly packumentCache full:https://registry.npmjs.org/buffer cache-miss
175 silly fetch manifest readable-stream@^3.4.0
176 silly packumentCache full:https://registry.npmjs.org/readable-stream cache-miss
177 silly fetch manifest string_decoder@^1.1.1
178 silly packumentCache full:https://registry.npmjs.org/string_decoder cache-miss
179 silly fetch manifest util-deprecate@^1.0.1
180 silly packumentCache full:https://registry.npmjs.org/util-deprecate cache-miss
181 http cache https://registry.npmjs.org/readable-stream 6ms (cache hit)
182 silly packumentCache full:https://registry.npmjs.org/readable-stream set size:261096 disposed:false
183 http fetch GET 200 https://registry.npmjs.org/util-deprecate 230ms (cache miss)
184 silly packumentCache full:https://registry.npmjs.org/util-deprecate set size:undefined disposed:false
185 http fetch GET 200 https://registry.npmjs.org/string_decoder 512ms (cache miss)
186 silly packumentCache full:https://registry.npmjs.org/string_decoder set size:undefined disposed:false
187 http fetch GET 200 https://registry.npmjs.org/buffer 514ms (cache miss)
188 silly packumentCache full:https://registry.npmjs.org/buffer set size:undefined disposed:false
189 silly placeDep ROOT buffer@5.7.1 OK for: bl@4.1.0 want: ^5.5.0
190 silly fetch manifest base64-js@^1.3.1
191 silly packumentCache full:https://registry.npmjs.org/base64-js cache-miss
192 silly fetch manifest ieee754@^1.1.13
193 silly packumentCache full:https://registry.npmjs.org/ieee754 cache-miss
194 http fetch GET 200 https://registry.npmjs.org/base64-js 252ms (cache miss)
195 silly packumentCache full:https://registry.npmjs.org/base64-js set size:undefined disposed:false
196 http fetch GET 200 https://registry.npmjs.org/ieee754 422ms (cache miss)
197 silly packumentCache full:https://registry.npmjs.org/ieee754 set size:undefined disposed:false
198 silly placeDep ROOT base64-js@1.5.1 OK for: buffer@5.7.1 want: ^1.3.1
199 silly placeDep ROOT ieee754@1.2.1 OK for: buffer@5.7.1 want: ^1.1.13
200 silly placeDep ROOT string_decoder@1.3.0 OK for: readable-stream@3.6.2 want: ^1.1.1
201 silly placeDep ROOT util-deprecate@1.0.2 OK for: readable-stream@3.6.2 want: ^1.0.1
202 silly reify mark retired [
202 silly reify   '/Users/skycastle3/Desktop/ICUE-mainsite-en/node_modules/@esbuild/win32-x64'
202 silly reify ]
203 silly reify mark retired [
203 silly reify   '/Users/skycastle3/Desktop/ICUE-mainsite-en/node_modules/@rollup/rollup-win32-x64-msvc'
203 silly reify ]
204 silly reify moves {
204 silly reify   '/Users/skycastle3/Desktop/ICUE-mainsite-en/node_modules/@esbuild/win32-x64': '/Users/skycastle3/Desktop/ICUE-mainsite-en/node_modules/@esbuild/.win32-x64-ubAb4MmA',
204 silly reify   '/Users/skycastle3/Desktop/ICUE-mainsite-en/node_modules/@rollup/rollup-win32-x64-msvc': '/Users/skycastle3/Desktop/ICUE-mainsite-en/node_modules/@rollup/.rollup-win32-x64-msvc-EnG71uT1'
204 silly reify }
205 verbose reify failed optional dependency /Users/skycastle3/Desktop/ICUE-mainsite-en/node_modules/@tailwindcss/oxide-wasm32-wasi
206 silly reify mark deleted [
206 silly reify   '/Users/skycastle3/Desktop/ICUE-mainsite-en/node_modules/@tailwindcss/oxide-wasm32-wasi'
206 silly reify ]
207 silly audit bulk request {
207 silly audit   '@ampproject/remapping': [ '2.3.0' ],
207 silly audit   '@esbuild/aix-ppc64': [ '0.25.2' ],
207 silly audit   '@esbuild/android-arm': [ '0.25.2' ],
207 silly audit   '@esbuild/android-arm64': [ '0.25.2' ],
207 silly audit   '@esbuild/android-x64': [ '0.25.2' ],
207 silly audit   '@esbuild/darwin-arm64': [ '0.25.2' ],
207 silly audit   '@esbuild/darwin-x64': [ '0.25.2' ],
207 silly audit   '@esbuild/freebsd-arm64': [ '0.25.2' ],
207 silly audit   '@esbuild/freebsd-x64': [ '0.25.2' ],
207 silly audit   '@esbuild/linux-arm': [ '0.25.2' ],
207 silly audit   '@esbuild/linux-arm64': [ '0.25.2' ],
207 silly audit   '@esbuild/linux-ia32': [ '0.25.2' ],
207 silly audit   '@esbuild/linux-loong64': [ '0.25.2' ],
207 silly audit   '@esbuild/linux-mips64el': [ '0.25.2' ],
207 silly audit   '@esbuild/linux-ppc64': [ '0.25.2' ],
207 silly audit   '@esbuild/linux-riscv64': [ '0.25.2' ],
207 silly audit   '@esbuild/linux-s390x': [ '0.25.2' ],
207 silly audit   '@esbuild/linux-x64': [ '0.25.2' ],
207 silly audit   '@esbuild/netbsd-arm64': [ '0.25.2' ],
207 silly audit   '@esbuild/netbsd-x64': [ '0.25.2' ],
207 silly audit   '@esbuild/openbsd-arm64': [ '0.25.2' ],
207 silly audit   '@esbuild/openbsd-x64': [ '0.25.2' ],
207 silly audit   '@esbuild/sunos-x64': [ '0.25.2' ],
207 silly audit   '@esbuild/win32-arm64': [ '0.25.2' ],
207 silly audit   '@esbuild/win32-ia32': [ '0.25.2' ],
207 silly audit   '@esbuild/win32-x64': [ '0.25.2' ],
207 silly audit   '@google/model-viewer': [ '4.1.0' ],
207 silly audit   '@isaacs/fs-minipass': [ '4.0.1' ],
207 silly audit   '@jridgewell/gen-mapping': [ '0.3.12' ],
207 silly audit   '@jridgewell/resolve-uri': [ '3.1.2' ],
207 silly audit   '@jridgewell/sourcemap-codec': [ '1.5.4' ],
207 silly audit   '@jridgewell/trace-mapping': [ '0.3.29' ],
207 silly audit   '@lit-labs/ssr-dom-shim': [ '1.3.0' ],
207 silly audit   '@lit/reactive-element': [ '2.1.0' ],
207 silly audit   '@monogrid/gainmap-js': [ '3.1.0' ],
207 silly audit   '@nodelib/fs.scandir': [ '2.1.5' ],
207 silly audit   '@nodelib/fs.stat': [ '2.0.5' ],
207 silly audit   '@nodelib/fs.walk': [ '1.2.8' ],
207 silly audit   '@rollup/rollup-android-arm-eabi': [ '4.40.0' ],
207 silly audit   '@rollup/rollup-android-arm64': [ '4.40.0' ],
207 silly audit   '@rollup/rollup-darwin-arm64': [ '4.40.0' ],
207 silly audit   '@rollup/rollup-darwin-x64': [ '4.40.0' ],
207 silly audit   '@rollup/rollup-freebsd-arm64': [ '4.40.0' ],
207 silly audit   '@rollup/rollup-freebsd-x64': [ '4.40.0' ],
207 silly audit   '@rollup/rollup-linux-arm-gnueabihf': [ '4.40.0' ],
207 silly audit   '@rollup/rollup-linux-arm-musleabihf': [ '4.40.0' ],
207 silly audit   '@rollup/rollup-linux-arm64-gnu': [ '4.40.0' ],
207 silly audit   '@rollup/rollup-linux-arm64-musl': [ '4.40.0' ],
207 silly audit   '@rollup/rollup-linux-loongarch64-gnu': [ '4.40.0' ],
207 silly audit   '@rollup/rollup-linux-powerpc64le-gnu': [ '4.40.0' ],
207 silly audit   '@rollup/rollup-linux-riscv64-gnu': [ '4.40.0' ],
207 silly audit   '@rollup/rollup-linux-riscv64-musl': [ '4.40.0' ],
207 silly audit   '@rollup/rollup-linux-s390x-gnu': [ '4.40.0' ],
207 silly audit   '@rollup/rollup-linux-x64-gnu': [ '4.40.0' ],
207 silly audit   '@rollup/rollup-linux-x64-musl': [ '4.40.0' ],
207 silly audit   '@rollup/rollup-win32-arm64-msvc': [ '4.40.0' ],
207 silly audit   '@rollup/rollup-win32-ia32-msvc': [ '4.40.0' ],
207 silly audit   '@rollup/rollup-win32-x64-msvc': [ '4.40.0' ],
207 silly audit   '@sindresorhus/merge-streams': [ '2.3.0' ],
207 silly audit   '@tailwindcss/node': [ '4.1.11' ],
207 silly audit   '@tailwindcss/oxide': [ '4.1.11' ],
207 silly audit   '@tailwindcss/oxide-android-arm64': [ '4.1.11' ],
207 silly audit   '@tailwindcss/oxide-darwin-arm64': [ '4.1.11' ],
207 silly audit   '@tailwindcss/oxide-darwin-x64': [ '4.1.11' ],
207 silly audit   '@tailwindcss/oxide-freebsd-x64': [ '4.1.11' ],
207 silly audit   '@tailwindcss/oxide-linux-arm-gnueabihf': [ '4.1.11' ],
207 silly audit   '@tailwindcss/oxide-linux-arm64-gnu': [ '4.1.11' ],
207 silly audit   '@tailwindcss/oxide-linux-arm64-musl': [ '4.1.11' ],
207 silly audit   '@tailwindcss/oxide-linux-x64-gnu': [ '4.1.11' ],
207 silly audit   '@tailwindcss/oxide-linux-x64-musl': [ '4.1.11' ],
207 silly audit   '@tailwindcss/oxide-win32-arm64-msvc': [ '4.1.11' ],
207 silly audit   '@tailwindcss/oxide-win32-x64-msvc': [ '4.1.11' ],
207 silly audit   '@tailwindcss/vite': [ '4.1.11' ],
207 silly audit   '@types/estree': [ '1.0.7' ],
207 silly audit   '@types/node': [ '24.3.0' ],
207 silly audit   '@types/trusted-types': [ '2.0.7' ],
207 silly audit   accepts: [ '1.3.8' ],
207 silly audit   anymatch: [ '3.1.3' ],
207 silly audit   picomatch: [ '2.3.1', '4.0.2' ],
207 silly audit   aos: [ '2.3.4' ],
207 silly audit   argparse: [ '2.0.1' ],
207 silly audit   'array-flatten': [ '1.1.1' ],
207 silly audit   'balanced-match': [ '1.0.2' ],
207 silly audit   'binary-extensions': [ '2.3.0' ],
207 silly audit   'body-parser': [ '1.20.3' ],
207 silly audit   'brace-expansion': [ '1.1.12' ],
207 silly audit   braces: [ '3.0.3' ],
207 silly audit   bytes: [ '3.1.2' ],
207 silly audit   'call-bind-apply-helpers': [ '1.0.2' ],
207 silly audit   'call-bound': [ '1.0.4' ],
207 silly audit   chokidar: [ '3.6.0' ],
207 silly audit   chownr: [ '3.0.0', '1.1.4' ],
207 silly audit   'classlist-polyfill': [ '1.2.0' ],
207 silly audit   'concat-map': [ '0.0.1' ],
207 silly audit   'content-disposition': [ '0.5.4' ],
207 silly audit   'content-type': [ '1.0.5' ],
207 silly audit   cookie: [ '0.7.1' ],
207 silly audit   'cookie-signature': [ '1.0.6' ],
207 silly audit   'copy-file': [ '11.0.0' ],
207 silly audit   cors: [ '2.8.5' ],
207 silly audit   cpy: [ '11.1.0' ],
207 silly audit   debug: [ '2.6.9', '3.2.7' ],
207 silly audit   depd: [ '2.0.0' ],
207 silly audit   destroy: [ '1.2.0' ],
207 silly audit   'detect-libc': [ '2.0.4' ],
207 silly audit   dotenv: [ '16.6.1' ],
207 silly audit   'dunder-proto': [ '1.0.1' ],
207 silly audit   'ee-first': [ '1.1.1' ],
207 silly audit   encodeurl: [ '2.0.0', '1.0.2' ],
207 silly audit   'enhanced-resolve': [ '5.18.2' ],
207 silly audit   entities: [ '4.5.0' ],
207 silly audit   'es-define-property': [ '1.0.1' ],
207 silly audit   'es-errors': [ '1.3.0' ],
207 silly audit   'es-object-atoms': [ '1.1.1' ],
207 silly audit   esbuild: [ '0.25.2' ],
207 silly audit   'escape-html': [ '1.0.3' ],
207 silly audit   etag: [ '1.8.1' ],
207 silly audit   express: [ '4.21.2' ],
207 silly audit   'fast-glob': [ '3.3.3' ],
207 silly audit   fastq: [ '1.19.1' ],
207 silly audit   fdir: [ '6.4.4' ],
207 silly audit   'fill-range': [ '7.1.1' ],
207 silly audit   finalhandler: [ '1.3.1' ],
207 silly audit   forwarded: [ '0.2.0' ],
207 silly audit   fresh: [ '0.5.2' ],
207 silly audit   fsevents: [ '2.3.3' ],
207 silly audit   'function-bind': [ '1.1.2' ],
207 silly audit   'get-intrinsic': [ '1.3.0' ],
207 silly audit   'get-proto': [ '1.0.1' ],
207 silly audit   'glob-parent': [ '5.1.2' ],
207 silly audit   globby: [ '14.1.0' ],
207 silly audit   gopd: [ '1.2.0' ],
207 silly audit   'graceful-fs': [ '4.2.11' ],
207 silly audit   gsap: [ '3.12.7' ],
207 silly audit   'has-flag': [ '3.0.0' ],
207 silly audit   'has-symbols': [ '1.1.0' ],
207 silly audit   hasown: [ '2.0.2' ],
207 silly audit   'http-errors': [ '2.0.0' ],
207 silly audit   'iconv-lite': [ '0.4.24' ],
207 silly audit   ignore: [ '7.0.3' ],
207 silly audit   'ignore-by-default': [ '1.0.1' ],
207 silly audit   immediate: [ '3.0.6' ],
207 silly audit   inherits: [ '2.0.4' ],
207 silly audit   'ipaddr.js': [ '1.9.1' ],
207 silly audit   'is-binary-path': [ '2.1.0' ],
207 silly audit   'is-extglob': [ '2.1.1' ],
207 silly audit   'is-glob': [ '4.0.3' ],
207 silly audit   'is-number': [ '7.0.0' ],
207 silly audit   'is-promise': [ '2.2.2' ],
207 silly audit   jiti: [ '2.4.2' ],
207 silly audit   junk: [ '4.0.1' ],
207 silly audit   lie: [ '3.3.0' ],
207 silly audit   lightningcss: [ '1.30.1' ],
207 silly audit   'lightningcss-darwin-arm64': [ '1.30.1' ],
207 silly audit   'lightningcss-darwin-x64': [ '1.30.1' ],
207 silly audit   'lightningcss-freebsd-x64': [ '1.30.1' ],
207 silly audit   'lightningcss-linux-arm-gnueabihf': [ '1.30.1' ],
207 silly audit   'lightningcss-linux-arm64-gnu': [ '1.30.1' ],
207 silly audit   'lightningcss-linux-arm64-musl': [ '1.30.1' ],
207 silly audit   'lightningcss-linux-x64-gnu': [ '1.30.1' ],
207 silly audit   'lightningcss-linux-x64-musl': [ '1.30.1' ],
207 silly audit   'lightningcss-win32-arm64-msvc': [ '1.30.1' ],
207 silly audit   'lightningcss-win32-x64-msvc': [ '1.30.1' ],
207 silly audit   'linkify-it': [ '5.0.0' ],
207 silly audit   lit: [ '3.3.0' ],
207 silly audit   'lit-element': [ '4.2.0' ],
207 silly audit   'lit-html': [ '3.3.0' ],
207 silly audit   'lodash.debounce': [ '4.0.8' ],
207 silly audit   'lodash.throttle': [ '4.1.1' ],
207 silly audit   'magic-string': [ '0.30.17' ],
207 silly audit   'markdown-it': [ '14.1.0' ],
207 silly audit   marked: [ '16.2.0' ],
207 silly audit   'math-intrinsics': [ '1.1.0' ],
207 silly audit   mdurl: [ '2.0.0' ],
207 silly audit   'media-typer': [ '0.3.0' ],
207 silly audit   'merge-descriptors': [ '1.0.3' ],
207 silly audit   merge2: [ '1.4.1' ],
207 silly audit   methods: [ '1.1.2' ],
207 silly audit   micromatch: [ '4.0.8' ],
207 silly audit   mime: [ '1.6.0' ],
207 silly audit   'mime-db': [ '1.52.0' ],
207 silly audit   'mime-types': [ '2.1.35' ],
207 silly audit   minimatch: [ '3.1.2' ],
207 silly audit   minipass: [ '7.1.2' ],
207 silly audit   minizlib: [ '3.0.2' ],
207 silly audit   mkdirp: [ '3.0.1' ],
207 silly audit   ms: [ '2.0.0', '2.1.3' ],
207 silly audit   nanoid: [ '3.3.11' ],
207 silly audit   negotiator: [ '0.6.3' ],
207 silly audit   nodemon: [ '2.0.22' ],
207 silly audit   'normalize-path': [ '3.0.0' ],
207 silly audit   'normalize.css': [ '8.0.1' ],
207 silly audit   'object-assign': [ '4.1.1' ],
207 silly audit   'object-inspect': [ '1.13.4' ],
207 silly audit   'on-finished': [ '2.4.1' ],
207 silly audit   'p-event': [ '6.0.1' ],
207 silly audit   'p-filter': [ '4.1.0' ],
207 silly audit   'p-map': [ '7.0.3' ],
207 silly audit   'p-timeout': [ '6.1.4' ],
207 silly audit   parseurl: [ '1.3.3' ],
207 silly audit   'path-to-regexp': [ '0.1.12' ],
207 silly audit   'path-type': [ '6.0.0' ],
207 silly audit   picocolors: [ '1.1.1' ],
207 silly audit   postcss: [ '8.5.3' ],
207 silly audit   'promise-worker-transferable': [ '1.0.4' ],
207 silly audit   'proxy-addr': [ '2.0.7' ],
207 silly audit   'pstree.remy': [ '1.1.8' ],
207 silly audit   'punycode.js': [ '2.3.1' ],
207 silly audit   qs: [ '6.13.0' ],
207 silly audit   'queue-microtask': [ '1.2.3' ],
207 silly audit   'range-parser': [ '1.2.1' ],
207 silly audit   'raw-body': [ '2.5.2' ],
207 silly audit   readdirp: [ '3.6.0' ],
207 silly audit   reusify: [ '1.1.0' ],
207 silly audit   rollup: [ '4.40.0' ],
207 silly audit   'run-parallel': [ '1.2.0' ],
207 silly audit   'safe-buffer': [ '5.2.1' ],
207 silly audit   'safer-buffer': [ '2.1.2' ],
207 silly audit   semver: [ '5.7.2', '7.0.0', '7.8.0' ],
207 silly audit   send: [ '0.19.0' ],
207 silly audit   'serve-static': [ '1.16.2' ],
207 silly audit   setprototypeof: [ '1.2.0' ],
207 silly audit   'side-channel': [ '1.1.0' ],
207 silly audit   'side-channel-list': [ '1.0.0' ],
207 silly audit   'side-channel-map': [ '1.0.1' ],
207 silly audit   'side-channel-weakmap': [ '1.0.2' ],
207 silly audit   'simple-update-notifier': [ '1.1.0' ],
207 silly audit   slash: [ '5.1.0' ],
207 silly audit   'source-map-js': [ '1.2.1' ],
207 silly audit   statuses: [ '2.0.1' ],
207 silly audit   stripe: [ '12.18.0' ],
207 silly audit   'supports-color': [ '5.5.0' ],
207 silly audit   swiper: [ '11.2.10' ],
207 silly audit   tailwindcss: [ '4.1.11' ],
207 silly audit   tapable: [ '2.2.2' ],
207 silly audit   tar: [ '7.4.3' ],
207 silly audit   three: [ '0.172.0' ],
207 silly audit   tinyglobby: [ '0.2.13' ],
207 silly audit   'to-regex-range': [ '5.0.1' ],
207 silly audit   toidentifier: [ '1.0.1' ],
207 silly audit   touch: [ '3.1.1' ],
207 silly audit   'type-is': [ '1.6.18' ],
207 silly audit   'uc.micro': [ '2.1.0' ],
207 silly audit   undefsafe: [ '2.0.5' ],
207 silly audit   'undici-types': [ '7.10.0' ],
207 silly audit   'unicorn-magic': [ '0.3.0' ],
207 silly audit   unpipe: [ '1.0.0' ],
207 silly audit   'utils-merge': [ '1.0.1' ],
207 silly audit   vary: [ '1.1.2' ],
207 silly audit   vite: [ '6.3.2' ],
207 silly audit   yallist: [ '5.0.0' ],
207 silly audit   'better-sqlite3': [ '11.10.0' ],
207 silly audit   bindings: [ '1.5.0' ],
207 silly audit   'prebuild-install': [ '7.1.3' ],
207 silly audit   'file-uri-to-path': [ '1.0.0' ],
207 silly audit   'expand-template': [ '2.0.3' ],
207 silly audit   'github-from-package': [ '0.0.0' ],
207 silly audit   minimist: [ '1.2.8' ],
207 silly audit   'mkdirp-classic': [ '0.5.3' ],
207 silly audit   'napi-build-utils': [ '2.0.0' ],
207 silly audit   'node-abi': [ '3.92.0' ],
207 silly audit   pump: [ '3.0.4' ],
207 silly audit   rc: [ '1.2.8' ],
207 silly audit   'simple-get': [ '4.0.1' ],
207 silly audit   'tar-fs': [ '2.1.4' ],
207 silly audit   'tunnel-agent': [ '0.6.0' ],
207 silly audit   'end-of-stream': [ '1.4.5' ],
207 silly audit   once: [ '1.4.0' ],
207 silly audit   wrappy: [ '1.0.2' ],
207 silly audit   'deep-extend': [ '0.6.0' ],
207 silly audit   ini: [ '1.3.8' ],
207 silly audit   'strip-json-comments': [ '2.0.1' ],
207 silly audit   'decompress-response': [ '6.0.0' ],
207 silly audit   'simple-concat': [ '1.0.1' ],
207 silly audit   'mimic-response': [ '3.1.0' ],
207 silly audit   'tar-stream': [ '2.2.0' ],
207 silly audit   bl: [ '4.1.0' ],
207 silly audit   'fs-constants': [ '1.0.0' ],
207 silly audit   'readable-stream': [ '3.6.2' ],
207 silly audit   buffer: [ '5.7.1' ],
207 silly audit   'base64-js': [ '1.5.1' ],
207 silly audit   ieee754: [ '1.2.1' ],
207 silly audit   string_decoder: [ '1.3.0' ],
207 silly audit   'util-deprecate': [ '1.0.2' ],
207 silly audit   '@tailwindcss/oxide-wasm32-wasi': [ '4.1.11' ]
207 silly audit }
208 verbose reify failed optional dependency /Users/skycastle3/Desktop/ICUE-mainsite-en/node_modules/lightningcss-win32-x64-msvc
209 silly reify mark deleted [
209 silly reify   '/Users/skycastle3/Desktop/ICUE-mainsite-en/node_modules/lightningcss-win32-x64-msvc'
209 silly reify ]
210 verbose reify failed optional dependency /Users/skycastle3/Desktop/ICUE-mainsite-en/node_modules/lightningcss-win32-arm64-msvc
211 silly reify mark deleted [
211 silly reify   '/Users/skycastle3/Desktop/ICUE-mainsite-en/node_modules/lightningcss-win32-arm64-msvc'
211 silly reify ]
212 verbose reify failed optional dependency /Users/skycastle3/Desktop/ICUE-mainsite-en/node_modules/lightningcss-linux-x64-musl
213 silly reify mark deleted [
213 silly reify   '/Users/skycastle3/Desktop/ICUE-mainsite-en/node_modules/lightningcss-linux-x64-musl'
213 silly reify ]
214 verbose reify failed optional dependency /Users/skycastle3/Desktop/ICUE-mainsite-en/node_modules/lightningcss-linux-x64-gnu
215 silly reify mark deleted [
215 silly reify   '/Users/skycastle3/Desktop/ICUE-mainsite-en/node_modules/lightningcss-linux-x64-gnu'
215 silly reify ]
216 verbose reify failed optional dependency /Users/skycastle3/Desktop/ICUE-mainsite-en/node_modules/lightningcss-linux-arm64-musl
217 silly reify mark deleted [
217 silly reify   '/Users/skycastle3/Desktop/ICUE-mainsite-en/node_modules/lightningcss-linux-arm64-musl'
217 silly reify ]
218 verbose reify failed optional dependency /Users/skycastle3/Desktop/ICUE-mainsite-en/node_modules/lightningcss-linux-arm64-gnu
219 silly reify mark deleted [
219 silly reify   '/Users/skycastle3/Desktop/ICUE-mainsite-en/node_modules/lightningcss-linux-arm64-gnu'
219 silly reify ]
220 verbose reify failed optional dependency /Users/skycastle3/Desktop/ICUE-mainsite-en/node_modules/lightningcss-linux-arm-gnueabihf
221 silly reify mark deleted [
221 silly reify   '/Users/skycastle3/Desktop/ICUE-mainsite-en/node_modules/lightningcss-linux-arm-gnueabihf'
221 silly reify ]
222 verbose reify failed optional dependency /Users/skycastle3/Desktop/ICUE-mainsite-en/node_modules/lightningcss-freebsd-x64
223 silly reify mark deleted [
223 silly reify   '/Users/skycastle3/Desktop/ICUE-mainsite-en/node_modules/lightningcss-freebsd-x64'
223 silly reify ]
224 verbose reify failed optional dependency /Users/skycastle3/Desktop/ICUE-mainsite-en/node_modules/lightningcss-darwin-x64
225 silly reify mark deleted [
225 silly reify   '/Users/skycastle3/Desktop/ICUE-mainsite-en/node_modules/lightningcss-darwin-x64'
225 silly reify ]
226 verbose reify failed optional dependency /Users/skycastle3/Desktop/ICUE-mainsite-en/node_modules/@tailwindcss/oxide-win32-x64-msvc
227 silly reify mark deleted [
227 silly reify   '/Users/skycastle3/Desktop/ICUE-mainsite-en/node_modules/@tailwindcss/oxide-win32-x64-msvc'
227 silly reify ]
228 verbose reify failed optional dependency /Users/skycastle3/Desktop/ICUE-mainsite-en/node_modules/@tailwindcss/oxide-win32-arm64-msvc
229 silly reify mark deleted [
229 silly reify   '/Users/skycastle3/Desktop/ICUE-mainsite-en/node_modules/@tailwindcss/oxide-win32-arm64-msvc'
229 silly reify ]
230 verbose reify failed optional dependency /Users/skycastle3/Desktop/ICUE-mainsite-en/node_modules/@tailwindcss/oxide-linux-x64-musl
231 silly reify mark deleted [
231 silly reify   '/Users/skycastle3/Desktop/ICUE-mainsite-en/node_modules/@tailwindcss/oxide-linux-x64-musl'
231 silly reify ]
232 verbose reify failed optional dependency /Users/skycastle3/Desktop/ICUE-mainsite-en/node_modules/@tailwindcss/oxide-linux-x64-gnu
233 silly reify mark deleted [
233 silly reify   '/Users/skycastle3/Desktop/ICUE-mainsite-en/node_modules/@tailwindcss/oxide-linux-x64-gnu'
233 silly reify ]
234 verbose reify failed optional dependency /Users/skycastle3/Desktop/ICUE-mainsite-en/node_modules/@tailwindcss/oxide-linux-arm64-musl
235 silly reify mark deleted [
235 silly reify   '/Users/skycastle3/Desktop/ICUE-mainsite-en/node_modules/@tailwindcss/oxide-linux-arm64-musl'
235 silly reify ]
236 verbose reify failed optional dependency /Users/skycastle3/Desktop/ICUE-mainsite-en/node_modules/@tailwindcss/oxide-linux-arm64-gnu
237 silly reify mark deleted [
237 silly reify   '/Users/skycastle3/Desktop/ICUE-mainsite-en/node_modules/@tailwindcss/oxide-linux-arm64-gnu'
237 silly reify ]
238 verbose reify failed optional dependency /Users/skycastle3/Desktop/ICUE-mainsite-en/node_modules/@tailwindcss/oxide-linux-arm-gnueabihf
239 silly reify mark deleted [
239 silly reify   '/Users/skycastle3/Desktop/ICUE-mainsite-en/node_modules/@tailwindcss/oxide-linux-arm-gnueabihf'
239 silly reify ]
240 verbose reify failed optional dependency /Users/skycastle3/Desktop/ICUE-mainsite-en/node_modules/@tailwindcss/oxide-freebsd-x64
241 silly reify mark deleted [
241 silly reify   '/Users/skycastle3/Desktop/ICUE-mainsite-en/node_modules/@tailwindcss/oxide-freebsd-x64'
241 silly reify ]
242 verbose reify failed optional dependency /Users/skycastle3/Desktop/ICUE-mainsite-en/node_modules/@tailwindcss/oxide-darwin-x64
243 silly reify mark deleted [
243 silly reify   '/Users/skycastle3/Desktop/ICUE-mainsite-en/node_modules/@tailwindcss/oxide-darwin-x64'
243 silly reify ]
244 verbose reify failed optional dependency /Users/skycastle3/Desktop/ICUE-mainsite-en/node_modules/@tailwindcss/oxide-android-arm64
245 silly reify mark deleted [
245 silly reify   '/Users/skycastle3/Desktop/ICUE-mainsite-en/node_modules/@tailwindcss/oxide-android-arm64'
245 silly reify ]
246 verbose reify failed optional dependency /Users/skycastle3/Desktop/ICUE-mainsite-en/node_modules/@rollup/rollup-win32-ia32-msvc
247 silly reify mark deleted [
247 silly reify   '/Users/skycastle3/Desktop/ICUE-mainsite-en/node_modules/@rollup/rollup-win32-ia32-msvc'
247 silly reify ]
248 verbose reify failed optional dependency /Users/skycastle3/Desktop/ICUE-mainsite-en/node_modules/@rollup/rollup-win32-arm64-msvc
249 silly reify mark deleted [
249 silly reify   '/Users/skycastle3/Desktop/ICUE-mainsite-en/node_modules/@rollup/rollup-win32-arm64-msvc'
249 silly reify ]
250 verbose reify failed optional dependency /Users/skycastle3/Desktop/ICUE-mainsite-en/node_modules/@rollup/rollup-linux-x64-musl
251 silly reify mark deleted [
251 silly reify   '/Users/skycastle3/Desktop/ICUE-mainsite-en/node_modules/@rollup/rollup-linux-x64-musl'
251 silly reify ]
252 verbose reify failed optional dependency /Users/skycastle3/Desktop/ICUE-mainsite-en/node_modules/@rollup/rollup-linux-x64-gnu
253 silly reify mark deleted [
253 silly reify   '/Users/skycastle3/Desktop/ICUE-mainsite-en/node_modules/@rollup/rollup-linux-x64-gnu'
253 silly reify ]
254 verbose reify failed optional dependency /Users/skycastle3/Desktop/ICUE-mainsite-en/node_modules/@rollup/rollup-linux-s390x-gnu
255 silly reify mark deleted [
255 silly reify   '/Users/skycastle3/Desktop/ICUE-mainsite-en/node_modules/@rollup/rollup-linux-s390x-gnu'
255 silly reify ]
256 verbose reify failed optional dependency /Users/skycastle3/Desktop/ICUE-mainsite-en/node_modules/@rollup/rollup-linux-riscv64-musl
257 silly reify mark deleted [
257 silly reify   '/Users/skycastle3/Desktop/ICUE-mainsite-en/node_modules/@rollup/rollup-linux-riscv64-musl'
257 silly reify ]
258 verbose reify failed optional dependency /Users/skycastle3/Desktop/ICUE-mainsite-en/node_modules/@rollup/rollup-linux-riscv64-gnu
259 silly reify mark deleted [
259 silly reify   '/Users/skycastle3/Desktop/ICUE-mainsite-en/node_modules/@rollup/rollup-linux-riscv64-gnu'
259 silly reify ]
260 verbose reify failed optional dependency /Users/skycastle3/Desktop/ICUE-mainsite-en/node_modules/@rollup/rollup-linux-powerpc64le-gnu
261 silly reify mark deleted [
261 silly reify   '/Users/skycastle3/Desktop/ICUE-mainsite-en/node_modules/@rollup/rollup-linux-powerpc64le-gnu'
261 silly reify ]
262 verbose reify failed optional dependency /Users/skycastle3/Desktop/ICUE-mainsite-en/node_modules/@rollup/rollup-linux-loongarch64-gnu
263 silly reify mark deleted [
263 silly reify   '/Users/skycastle3/Desktop/ICUE-mainsite-en/node_modules/@rollup/rollup-linux-loongarch64-gnu'
263 silly reify ]
264 verbose reify failed optional dependency /Users/skycastle3/Desktop/ICUE-mainsite-en/node_modules/@rollup/rollup-linux-arm64-musl
265 silly reify mark deleted [
265 silly reify   '/Users/skycastle3/Desktop/ICUE-mainsite-en/node_modules/@rollup/rollup-linux-arm64-musl'
265 silly reify ]
266 verbose reify failed optional dependency /Users/skycastle3/Desktop/ICUE-mainsite-en/node_modules/@rollup/rollup-linux-arm64-gnu
267 silly reify mark deleted [
267 silly reify   '/Users/skycastle3/Desktop/ICUE-mainsite-en/node_modules/@rollup/rollup-linux-arm64-gnu'
267 silly reify ]
268 verbose reify failed optional dependency /Users/skycastle3/Desktop/ICUE-mainsite-en/node_modules/@rollup/rollup-linux-arm-musleabihf
269 silly reify mark deleted [
269 silly reify   '/Users/skycastle3/Desktop/ICUE-mainsite-en/node_modules/@rollup/rollup-linux-arm-musleabihf'
269 silly reify ]
270 verbose reify failed optional dependency /Users/skycastle3/Desktop/ICUE-mainsite-en/node_modules/@rollup/rollup-linux-arm-gnueabihf
271 silly reify mark deleted [
271 silly reify   '/Users/skycastle3/Desktop/ICUE-mainsite-en/node_modules/@rollup/rollup-linux-arm-gnueabihf'
271 silly reify ]
272 verbose reify failed optional dependency /Users/skycastle3/Desktop/ICUE-mainsite-en/node_modules/@rollup/rollup-freebsd-x64
273 silly reify mark deleted [
273 silly reify   '/Users/skycastle3/Desktop/ICUE-mainsite-en/node_modules/@rollup/rollup-freebsd-x64'
273 silly reify ]
274 verbose reify failed optional dependency /Users/skycastle3/Desktop/ICUE-mainsite-en/node_modules/@rollup/rollup-freebsd-arm64
275 silly reify mark deleted [
275 silly reify   '/Users/skycastle3/Desktop/ICUE-mainsite-en/node_modules/@rollup/rollup-freebsd-arm64'
275 silly reify ]
276 verbose reify failed optional dependency /Users/skycastle3/Desktop/ICUE-mainsite-en/node_modules/@rollup/rollup-darwin-x64
277 silly reify mark deleted [
277 silly reify   '/Users/skycastle3/Desktop/ICUE-mainsite-en/node_modules/@rollup/rollup-darwin-x64'
277 silly reify ]
278 verbose reify failed optional dependency /Users/skycastle3/Desktop/ICUE-mainsite-en/node_modules/@rollup/rollup-android-arm64
279 silly reify mark deleted [
279 silly reify   '/Users/skycastle3/Desktop/ICUE-mainsite-en/node_modules/@rollup/rollup-android-arm64'
279 silly reify ]
280 verbose reify failed optional dependency /Users/skycastle3/Desktop/ICUE-mainsite-en/node_modules/@rollup/rollup-android-arm-eabi
281 silly reify mark deleted [
281 silly reify   '/Users/skycastle3/Desktop/ICUE-mainsite-en/node_modules/@rollup/rollup-android-arm-eabi'
281 silly reify ]
282 verbose reify failed optional dependency /Users/skycastle3/Desktop/ICUE-mainsite-en/node_modules/@esbuild/win32-ia32
283 silly reify mark deleted [
283 silly reify   '/Users/skycastle3/Desktop/ICUE-mainsite-en/node_modules/@esbuild/win32-ia32'
283 silly reify ]
284 verbose reify failed optional dependency /Users/skycastle3/Desktop/ICUE-mainsite-en/node_modules/@esbuild/win32-arm64
285 silly reify mark deleted [
285 silly reify   '/Users/skycastle3/Desktop/ICUE-mainsite-en/node_modules/@esbuild/win32-arm64'
285 silly reify ]
286 verbose reify failed optional dependency /Users/skycastle3/Desktop/ICUE-mainsite-en/node_modules/@esbuild/sunos-x64
287 silly reify mark deleted [
287 silly reify   '/Users/skycastle3/Desktop/ICUE-mainsite-en/node_modules/@esbuild/sunos-x64'
287 silly reify ]
288 verbose reify failed optional dependency /Users/skycastle3/Desktop/ICUE-mainsite-en/node_modules/@esbuild/openbsd-x64
289 silly reify mark deleted [
289 silly reify   '/Users/skycastle3/Desktop/ICUE-mainsite-en/node_modules/@esbuild/openbsd-x64'
289 silly reify ]
290 verbose reify failed optional dependency /Users/skycastle3/Desktop/ICUE-mainsite-en/node_modules/@esbuild/openbsd-arm64
291 silly reify mark deleted [
291 silly reify   '/Users/skycastle3/Desktop/ICUE-mainsite-en/node_modules/@esbuild/openbsd-arm64'
291 silly reify ]
292 verbose reify failed optional dependency /Users/skycastle3/Desktop/ICUE-mainsite-en/node_modules/@esbuild/netbsd-x64
293 silly reify mark deleted [
293 silly reify   '/Users/skycastle3/Desktop/ICUE-mainsite-en/node_modules/@esbuild/netbsd-x64'
293 silly reify ]
294 verbose reify failed optional dependency /Users/skycastle3/Desktop/ICUE-mainsite-en/node_modules/@esbuild/netbsd-arm64
295 silly reify mark deleted [
295 silly reify   '/Users/skycastle3/Desktop/ICUE-mainsite-en/node_modules/@esbuild/netbsd-arm64'
295 silly reify ]
296 verbose reify failed optional dependency /Users/skycastle3/Desktop/ICUE-mainsite-en/node_modules/@esbuild/linux-x64
297 silly reify mark deleted [
297 silly reify   '/Users/skycastle3/Desktop/ICUE-mainsite-en/node_modules/@esbuild/linux-x64'
297 silly reify ]
298 verbose reify failed optional dependency /Users/skycastle3/Desktop/ICUE-mainsite-en/node_modules/@esbuild/linux-s390x
299 silly reify mark deleted [
299 silly reify   '/Users/skycastle3/Desktop/ICUE-mainsite-en/node_modules/@esbuild/linux-s390x'
299 silly reify ]
300 verbose reify failed optional dependency /Users/skycastle3/Desktop/ICUE-mainsite-en/node_modules/@esbuild/linux-riscv64
301 silly reify mark deleted [
301 silly reify   '/Users/skycastle3/Desktop/ICUE-mainsite-en/node_modules/@esbuild/linux-riscv64'
301 silly reify ]
302 verbose reify failed optional dependency /Users/skycastle3/Desktop/ICUE-mainsite-en/node_modules/@esbuild/linux-ppc64
303 silly reify mark deleted [
303 silly reify   '/Users/skycastle3/Desktop/ICUE-mainsite-en/node_modules/@esbuild/linux-ppc64'
303 silly reify ]
304 verbose reify failed optional dependency /Users/skycastle3/Desktop/ICUE-mainsite-en/node_modules/@esbuild/linux-mips64el
305 silly reify mark deleted [
305 silly reify   '/Users/skycastle3/Desktop/ICUE-mainsite-en/node_modules/@esbuild/linux-mips64el'
305 silly reify ]
306 verbose reify failed optional dependency /Users/skycastle3/Desktop/ICUE-mainsite-en/node_modules/@esbuild/linux-loong64
307 silly reify mark deleted [
307 silly reify   '/Users/skycastle3/Desktop/ICUE-mainsite-en/node_modules/@esbuild/linux-loong64'
307 silly reify ]
308 verbose reify failed optional dependency /Users/skycastle3/Desktop/ICUE-mainsite-en/node_modules/@esbuild/linux-ia32
309 silly reify mark deleted [
309 silly reify   '/Users/skycastle3/Desktop/ICUE-mainsite-en/node_modules/@esbuild/linux-ia32'
309 silly reify ]
310 verbose reify failed optional dependency /Users/skycastle3/Desktop/ICUE-mainsite-en/node_modules/@esbuild/linux-arm64
311 silly reify mark deleted [
311 silly reify   '/Users/skycastle3/Desktop/ICUE-mainsite-en/node_modules/@esbuild/linux-arm64'
311 silly reify ]
312 verbose reify failed optional dependency /Users/skycastle3/Desktop/ICUE-mainsite-en/node_modules/@esbuild/linux-arm
313 silly reify mark deleted [
313 silly reify   '/Users/skycastle3/Desktop/ICUE-mainsite-en/node_modules/@esbuild/linux-arm'
313 silly reify ]
314 verbose reify failed optional dependency /Users/skycastle3/Desktop/ICUE-mainsite-en/node_modules/@esbuild/freebsd-x64
315 silly reify mark deleted [
315 silly reify   '/Users/skycastle3/Desktop/ICUE-mainsite-en/node_modules/@esbuild/freebsd-x64'
315 silly reify ]
316 verbose reify failed optional dependency /Users/skycastle3/Desktop/ICUE-mainsite-en/node_modules/@esbuild/freebsd-arm64
317 silly reify mark deleted [
317 silly reify   '/Users/skycastle3/Desktop/ICUE-mainsite-en/node_modules/@esbuild/freebsd-arm64'
317 silly reify ]
318 verbose reify failed optional dependency /Users/skycastle3/Desktop/ICUE-mainsite-en/node_modules/@esbuild/darwin-x64
319 silly reify mark deleted [
319 silly reify   '/Users/skycastle3/Desktop/ICUE-mainsite-en/node_modules/@esbuild/darwin-x64'
319 silly reify ]
320 verbose reify failed optional dependency /Users/skycastle3/Desktop/ICUE-mainsite-en/node_modules/@esbuild/android-x64
321 silly reify mark deleted [
321 silly reify   '/Users/skycastle3/Desktop/ICUE-mainsite-en/node_modules/@esbuild/android-x64'
321 silly reify ]
322 verbose reify failed optional dependency /Users/skycastle3/Desktop/ICUE-mainsite-en/node_modules/@esbuild/android-arm64
323 silly reify mark deleted [
323 silly reify   '/Users/skycastle3/Desktop/ICUE-mainsite-en/node_modules/@esbuild/android-arm64'
323 silly reify ]
324 verbose reify failed optional dependency /Users/skycastle3/Desktop/ICUE-mainsite-en/node_modules/@esbuild/android-arm
325 silly reify mark deleted [
325 silly reify   '/Users/skycastle3/Desktop/ICUE-mainsite-en/node_modules/@esbuild/android-arm'
325 silly reify ]
326 verbose reify failed optional dependency /Users/skycastle3/Desktop/ICUE-mainsite-en/node_modules/@esbuild/aix-ppc64
327 silly reify mark deleted [
327 silly reify   '/Users/skycastle3/Desktop/ICUE-mainsite-en/node_modules/@esbuild/aix-ppc64'
327 silly reify ]
328 verbose reify failed optional dependency /Users/skycastle3/Desktop/ICUE-mainsite-en/node_modules/@rollup/rollup-win32-x64-msvc
329 silly reify mark deleted [
329 silly reify   '/Users/skycastle3/Desktop/ICUE-mainsite-en/node_modules/@rollup/rollup-win32-x64-msvc'
329 silly reify ]
330 verbose reify failed optional dependency /Users/skycastle3/Desktop/ICUE-mainsite-en/node_modules/@esbuild/win32-x64
331 silly reify mark deleted [
331 silly reify   '/Users/skycastle3/Desktop/ICUE-mainsite-en/node_modules/@esbuild/win32-x64'
331 silly reify ]
332 http cache base64-js@https://registry.npmjs.org/base64-js/-/base64-js-1.5.1.tgz 0ms (cache hit)
333 http cache ieee754@https://registry.npmjs.org/ieee754/-/ieee754-1.2.1.tgz 0ms (cache hit)
334 http cache buffer@https://registry.npmjs.org/buffer/-/buffer-5.7.1.tgz 0ms (cache hit)
335 http cache util-deprecate@https://registry.npmjs.org/util-deprecate/-/util-deprecate-1.0.2.tgz 0ms (cache hit)
336 http cache string_decoder@https://registry.npmjs.org/string_decoder/-/string_decoder-1.3.0.tgz 0ms (cache hit)
337 http cache fs-constants@https://registry.npmjs.org/fs-constants/-/fs-constants-1.0.0.tgz 0ms (cache hit)
338 http cache readable-stream@https://registry.npmjs.org/readable-stream/-/readable-stream-3.6.2.tgz 0ms (cache hit)
339 http cache tar-stream@https://registry.npmjs.org/tar-stream/-/tar-stream-2.2.0.tgz 0ms (cache hit)
340 http cache bl@https://registry.npmjs.org/bl/-/bl-4.1.0.tgz 0ms (cache hit)
341 http cache mimic-response@https://registry.npmjs.org/mimic-response/-/mimic-response-3.1.0.tgz 0ms (cache hit)
342 http cache decompress-response@https://registry.npmjs.org/decompress-response/-/decompress-response-6.0.0.tgz 0ms (cache hit)
343 http cache strip-json-comments@https://registry.npmjs.org/strip-json-comments/-/strip-json-comments-2.0.1.tgz 0ms (cache hit)
344 http cache deep-extend@https://registry.npmjs.org/deep-extend/-/deep-extend-0.6.0.tgz 0ms (cache hit)
345 http cache wrappy@https://registry.npmjs.org/wrappy/-/wrappy-1.0.2.tgz 0ms (cache hit)
346 http cache ini@https://registry.npmjs.org/ini/-/ini-1.3.8.tgz 0ms (cache hit)
347 http cache end-of-stream@https://registry.npmjs.org/end-of-stream/-/end-of-stream-1.4.5.tgz 0ms (cache hit)
348 http cache once@https://registry.npmjs.org/once/-/once-1.4.0.tgz 0ms (cache hit)
349 http cache tar-fs@https://registry.npmjs.org/tar-fs/-/tar-fs-2.1.4.tgz 0ms (cache hit)
350 http cache tunnel-agent@https://registry.npmjs.org/tunnel-agent/-/tunnel-agent-0.6.0.tgz 0ms (cache hit)
351 http cache simple-get@https://registry.npmjs.org/simple-get/-/simple-get-4.0.1.tgz 0ms (cache hit)
352 http cache pump@https://registry.npmjs.org/pump/-/pump-3.0.4.tgz 0ms (cache hit)
353 http cache rc@https://registry.npmjs.org/rc/-/rc-1.2.8.tgz 0ms (cache hit)
354 http cache node-abi@https://registry.npmjs.org/node-abi/-/node-abi-3.92.0.tgz 0ms (cache hit)
355 http cache mkdirp-classic@https://registry.npmjs.org/mkdirp-classic/-/mkdirp-classic-0.5.3.tgz 0ms (cache hit)
356 http cache napi-build-utils@https://registry.npmjs.org/napi-build-utils/-/napi-build-utils-2.0.0.tgz 0ms (cache hit)
357 http cache simple-concat@https://registry.npmjs.org/simple-concat/-/simple-concat-1.0.1.tgz 0ms (cache hit)
358 http cache github-from-package@https://registry.npmjs.org/github-from-package/-/github-from-package-0.0.0.tgz 0ms (cache hit)
359 http cache bindings@https://registry.npmjs.org/bindings/-/bindings-1.5.0.tgz 0ms (cache hit)
360 http cache prebuild-install@https://registry.npmjs.org/prebuild-install/-/prebuild-install-7.1.3.tgz 0ms (cache hit)
361 http cache expand-template@https://registry.npmjs.org/expand-template/-/expand-template-2.0.3.tgz 0ms (cache hit)
362 http cache minimist@https://registry.npmjs.org/minimist/-/minimist-1.2.8.tgz 0ms (cache hit)
363 http cache vite@https://registry.npmjs.org/vite/-/vite-6.3.2.tgz 0ms (cache hit)
364 http cache yallist@https://registry.npmjs.org/yallist/-/yallist-5.0.0.tgz 0ms (cache hit)
365 http cache vary@https://registry.npmjs.org/vary/-/vary-1.1.2.tgz 0ms (cache hit)
366 http cache unicorn-magic@https://registry.npmjs.org/unicorn-magic/-/unicorn-magic-0.3.0.tgz 0ms (cache hit)
367 http cache better-sqlite3@https://registry.npmjs.org/better-sqlite3/-/better-sqlite3-11.10.0.tgz 0ms (cache hit)
368 http cache utils-merge@https://registry.npmjs.org/utils-merge/-/utils-merge-1.0.1.tgz 0ms (cache hit)
369 http cache undici-types@https://registry.npmjs.org/undici-types/-/undici-types-7.10.0.tgz 0ms (cache hit)
370 http cache file-uri-to-path@https://registry.npmjs.org/file-uri-to-path/-/file-uri-to-path-1.0.0.tgz 0ms (cache hit)
371 http cache type-is@https://registry.npmjs.org/type-is/-/type-is-1.6.18.tgz 0ms (cache hit)
372 http cache toidentifier@https://registry.npmjs.org/toidentifier/-/toidentifier-1.0.1.tgz 0ms (cache hit)
373 http cache uc.micro@https://registry.npmjs.org/uc.micro/-/uc.micro-2.1.0.tgz 0ms (cache hit)
374 http cache touch@https://registry.npmjs.org/touch/-/touch-3.1.1.tgz 0ms (cache hit)
375 http cache three@https://registry.npmjs.org/three/-/three-0.172.0.tgz 0ms (cache hit)
376 http cache tapable@https://registry.npmjs.org/tapable/-/tapable-2.2.2.tgz 0ms (cache hit)
377 http cache tar@https://registry.npmjs.org/tar/-/tar-7.4.3.tgz 0ms (cache hit)
378 http cache tinyglobby@https://registry.npmjs.org/tinyglobby/-/tinyglobby-0.2.13.tgz 0ms (cache hit)
379 http cache unpipe@https://registry.npmjs.org/unpipe/-/unpipe-1.0.0.tgz 0ms (cache hit)
380 http cache to-regex-range@https://registry.npmjs.org/to-regex-range/-/to-regex-range-5.0.1.tgz 0ms (cache hit)
381 http cache tailwindcss@https://registry.npmjs.org/tailwindcss/-/tailwindcss-4.1.11.tgz 0ms (cache hit)
382 http cache undefsafe@https://registry.npmjs.org/undefsafe/-/undefsafe-2.0.5.tgz 0ms (cache hit)
383 http cache swiper@https://registry.npmjs.org/swiper/-/swiper-11.2.10.tgz 0ms (cache hit)
384 http cache source-map-js@https://registry.npmjs.org/source-map-js/-/source-map-js-1.2.1.tgz 0ms (cache hit)
385 http cache statuses@https://registry.npmjs.org/statuses/-/statuses-2.0.1.tgz 0ms (cache hit)
386 http cache stripe@https://registry.npmjs.org/stripe/-/stripe-12.18.0.tgz 0ms (cache hit)
387 http cache simple-update-notifier@https://registry.npmjs.org/simple-update-notifier/-/simple-update-notifier-1.1.0.tgz 0ms (cache hit)
388 http cache side-channel-map@https://registry.npmjs.org/side-channel-map/-/side-channel-map-1.0.1.tgz 0ms (cache hit)
389 http cache side-channel-weakmap@https://registry.npmjs.org/side-channel-weakmap/-/side-channel-weakmap-1.0.2.tgz 0ms (cache hit)
390 http cache slash@https://registry.npmjs.org/slash/-/slash-5.1.0.tgz 0ms (cache hit)
391 http cache side-channel@https://registry.npmjs.org/side-channel/-/side-channel-1.1.0.tgz 0ms (cache hit)
392 http cache serve-static@https://registry.npmjs.org/serve-static/-/serve-static-1.16.2.tgz 0ms (cache hit)
393 http cache send@https://registry.npmjs.org/send/-/send-0.19.0.tgz 0ms (cache hit)
394 http cache semver@https://registry.npmjs.org/semver/-/semver-5.7.2.tgz 0ms (cache hit)
395 http cache side-channel-list@https://registry.npmjs.org/side-channel-list/-/side-channel-list-1.0.0.tgz 0ms (cache hit)
396 http cache setprototypeof@https://registry.npmjs.org/setprototypeof/-/setprototypeof-1.2.0.tgz 0ms (cache hit)
397 http cache safer-buffer@https://registry.npmjs.org/safer-buffer/-/safer-buffer-2.1.2.tgz 0ms (cache hit)
398 http cache supports-color@https://registry.npmjs.org/supports-color/-/supports-color-5.5.0.tgz 0ms (cache hit)
399 http cache reusify@https://registry.npmjs.org/reusify/-/reusify-1.1.0.tgz 0ms (cache hit)
400 http cache rollup@https://registry.npmjs.org/rollup/-/rollup-4.40.0.tgz 0ms (cache hit)
401 http cache readdirp@https://registry.npmjs.org/readdirp/-/readdirp-3.6.0.tgz 0ms (cache hit)
402 http cache raw-body@https://registry.npmjs.org/raw-body/-/raw-body-2.5.2.tgz 0ms (cache hit)
403 http cache safe-buffer@https://registry.npmjs.org/safe-buffer/-/safe-buffer-5.2.1.tgz 0ms (cache hit)
404 http cache punycode.js@https://registry.npmjs.org/punycode.js/-/punycode.js-2.3.1.tgz 0ms (cache hit)
405 http cache run-parallel@https://registry.npmjs.org/run-parallel/-/run-parallel-1.2.0.tgz 0ms (cache hit)
406 http cache range-parser@https://registry.npmjs.org/range-parser/-/range-parser-1.2.1.tgz 0ms (cache hit)
407 http cache promise-worker-transferable@https://registry.npmjs.org/promise-worker-transferable/-/promise-worker-transferable-1.0.4.tgz 0ms (cache hit)
408 http cache proxy-addr@https://registry.npmjs.org/proxy-addr/-/proxy-addr-2.0.7.tgz 0ms (cache hit)
409 http cache picocolors@https://registry.npmjs.org/picocolors/-/picocolors-1.1.1.tgz 0ms (cache hit)
410 http cache postcss@https://registry.npmjs.org/postcss/-/postcss-8.5.3.tgz 0ms (cache hit)
411 http cache qs@https://registry.npmjs.org/qs/-/qs-6.13.0.tgz 0ms (cache hit)
412 http cache queue-microtask@https://registry.npmjs.org/queue-microtask/-/queue-microtask-1.2.3.tgz 0ms (cache hit)
413 http cache pstree.remy@https://registry.npmjs.org/pstree.remy/-/pstree.remy-1.1.8.tgz 0ms (cache hit)
414 http cache path-type@https://registry.npmjs.org/path-type/-/path-type-6.0.0.tgz 0ms (cache hit)
415 http cache p-timeout@https://registry.npmjs.org/p-timeout/-/p-timeout-6.1.4.tgz 0ms (cache hit)
416 http cache p-map@https://registry.npmjs.org/p-map/-/p-map-7.0.3.tgz 0ms (cache hit)
417 http cache parseurl@https://registry.npmjs.org/parseurl/-/parseurl-1.3.3.tgz 0ms (cache hit)
418 http cache path-to-regexp@https://registry.npmjs.org/path-to-regexp/-/path-to-regexp-0.1.12.tgz 0ms (cache hit)
419 http cache p-filter@https://registry.npmjs.org/p-filter/-/p-filter-4.1.0.tgz 0ms (cache hit)
420 http cache p-event@https://registry.npmjs.org/p-event/-/p-event-6.0.1.tgz 0ms (cache hit)
421 http cache on-finished@https://registry.npmjs.org/on-finished/-/on-finished-2.4.1.tgz 0ms (cache hit)
422 http cache object-assign@https://registry.npmjs.org/object-assign/-/object-assign-4.1.1.tgz 0ms (cache hit)
423 http cache normalize.css@https://registry.npmjs.org/normalize.css/-/normalize.css-8.0.1.tgz 0ms (cache hit)
424 http cache object-inspect@https://registry.npmjs.org/object-inspect/-/object-inspect-1.13.4.tgz 0ms (cache hit)
425 http cache nodemon@https://registry.npmjs.org/nodemon/-/nodemon-2.0.22.tgz 0ms (cache hit)
426 http cache negotiator@https://registry.npmjs.org/negotiator/-/negotiator-0.6.3.tgz 0ms (cache hit)
427 http cache minizlib@https://registry.npmjs.org/minizlib/-/minizlib-3.0.2.tgz 0ms (cache hit)
428 http cache normalize-path@https://registry.npmjs.org/normalize-path/-/normalize-path-3.0.0.tgz 0ms (cache hit)
429 http cache mkdirp@https://registry.npmjs.org/mkdirp/-/mkdirp-3.0.1.tgz 0ms (cache hit)
430 http cache ms@https://registry.npmjs.org/ms/-/ms-2.0.0.tgz 0ms (cache hit)
431 http cache nanoid@https://registry.npmjs.org/nanoid/-/nanoid-3.3.11.tgz 0ms (cache hit)
432 http cache minipass@https://registry.npmjs.org/minipass/-/minipass-7.1.2.tgz 0ms (cache hit)
433 http cache minimatch@https://registry.npmjs.org/minimatch/-/minimatch-3.1.2.tgz 0ms (cache hit)
434 http cache mime@https://registry.npmjs.org/mime/-/mime-1.6.0.tgz 0ms (cache hit)
435 http cache picomatch@https://registry.npmjs.org/picomatch/-/picomatch-4.0.2.tgz 0ms (cache hit)
436 http cache micromatch@https://registry.npmjs.org/micromatch/-/micromatch-4.0.8.tgz 0ms (cache hit)
437 http cache mime-db@https://registry.npmjs.org/mime-db/-/mime-db-1.52.0.tgz 0ms (cache hit)
438 http cache merge2@https://registry.npmjs.org/merge2/-/merge2-1.4.1.tgz 0ms (cache hit)
439 http cache mime-types@https://registry.npmjs.org/mime-types/-/mime-types-2.1.35.tgz 0ms (cache hit)
440 http cache mdurl@https://registry.npmjs.org/mdurl/-/mdurl-2.0.0.tgz 0ms (cache hit)
441 http cache marked@https://registry.npmjs.org/marked/-/marked-16.2.0.tgz 0ms (cache hit)
442 http cache merge-descriptors@https://registry.npmjs.org/merge-descriptors/-/merge-descriptors-1.0.3.tgz 0ms (cache hit)
443 http cache math-intrinsics@https://registry.npmjs.org/math-intrinsics/-/math-intrinsics-1.1.0.tgz 0ms (cache hit)
444 http cache methods@https://registry.npmjs.org/methods/-/methods-1.1.2.tgz 0ms (cache hit)
445 http cache media-typer@https://registry.npmjs.org/media-typer/-/media-typer-0.3.0.tgz 0ms (cache hit)
446 http cache lodash.debounce@https://registry.npmjs.org/lodash.debounce/-/lodash.debounce-4.0.8.tgz 0ms (cache hit)
447 http cache lodash.throttle@https://registry.npmjs.org/lodash.throttle/-/lodash.throttle-4.1.1.tgz 0ms (cache hit)
448 http cache lit@https://registry.npmjs.org/lit/-/lit-3.3.0.tgz 0ms (cache hit)
449 http cache lit-html@https://registry.npmjs.org/lit-html/-/lit-html-3.3.0.tgz 0ms (cache hit)
450 http cache linkify-it@https://registry.npmjs.org/linkify-it/-/linkify-it-5.0.0.tgz 0ms (cache hit)
451 http cache magic-string@https://registry.npmjs.org/magic-string/-/magic-string-0.30.17.tgz 0ms (cache hit)
452 http cache lightningcss-darwin-arm64@https://registry.npmjs.org/lightningcss-darwin-arm64/-/lightningcss-darwin-arm64-1.30.1.tgz 0ms (cache hit)
453 http cache lit-element@https://registry.npmjs.org/lit-element/-/lit-element-4.2.0.tgz 0ms (cache hit)
454 http cache lightningcss@https://registry.npmjs.org/lightningcss/-/lightningcss-1.30.1.tgz 0ms (cache hit)
455 http cache markdown-it@https://registry.npmjs.org/markdown-it/-/markdown-it-14.1.0.tgz 0ms (cache hit)
456 http cache jiti@https://registry.npmjs.org/jiti/-/jiti-2.4.2.tgz 0ms (cache hit)
457 http cache junk@https://registry.npmjs.org/junk/-/junk-4.0.1.tgz 0ms (cache hit)
458 http cache is-number@https://registry.npmjs.org/is-number/-/is-number-7.0.0.tgz 0ms (cache hit)
459 http cache is-promise@https://registry.npmjs.org/is-promise/-/is-promise-2.2.2.tgz 0ms (cache hit)
460 http cache is-extglob@https://registry.npmjs.org/is-extglob/-/is-extglob-2.1.1.tgz 0ms (cache hit)
461 http cache is-binary-path@https://registry.npmjs.org/is-binary-path/-/is-binary-path-2.1.0.tgz 0ms (cache hit)
462 http cache is-glob@https://registry.npmjs.org/is-glob/-/is-glob-4.0.3.tgz 0ms (cache hit)
463 http cache ipaddr.js@https://registry.npmjs.org/ipaddr.js/-/ipaddr.js-1.9.1.tgz 0ms (cache hit)
464 http cache ignore@https://registry.npmjs.org/ignore/-/ignore-7.0.3.tgz 0ms (cache hit)
465 http cache ignore-by-default@https://registry.npmjs.org/ignore-by-default/-/ignore-by-default-1.0.1.tgz 0ms (cache hit)
466 http cache lie@https://registry.npmjs.org/lie/-/lie-3.3.0.tgz 0ms (cache hit)
467 http cache http-errors@https://registry.npmjs.org/http-errors/-/http-errors-2.0.0.tgz 0ms (cache hit)
468 http cache iconv-lite@https://registry.npmjs.org/iconv-lite/-/iconv-lite-0.4.24.tgz 0ms (cache hit)
469 http cache inherits@https://registry.npmjs.org/inherits/-/inherits-2.0.4.tgz 0ms (cache hit)
470 http cache has-flag@https://registry.npmjs.org/has-flag/-/has-flag-3.0.0.tgz 0ms (cache hit)
471 http cache has-symbols@https://registry.npmjs.org/has-symbols/-/has-symbols-1.1.0.tgz 0ms (cache hit)
472 http cache graceful-fs@https://registry.npmjs.org/graceful-fs/-/graceful-fs-4.2.11.tgz 0ms (cache hit)
473 http cache gsap@https://registry.npmjs.org/gsap/-/gsap-3.12.7.tgz 0ms (cache hit)
474 http cache immediate@https://registry.npmjs.org/immediate/-/immediate-3.0.6.tgz 0ms (cache hit)
475 http cache get-intrinsic@https://registry.npmjs.org/get-intrinsic/-/get-intrinsic-1.3.0.tgz 0ms (cache hit)
476 http cache glob-parent@https://registry.npmjs.org/glob-parent/-/glob-parent-5.1.2.tgz 0ms (cache hit)
477 http cache function-bind@https://registry.npmjs.org/function-bind/-/function-bind-1.1.2.tgz 0ms (cache hit)
478 http cache globby@https://registry.npmjs.org/globby/-/globby-14.1.0.tgz 0ms (cache hit)
479 http cache gopd@https://registry.npmjs.org/gopd/-/gopd-1.2.0.tgz 0ms (cache hit)
480 http cache get-proto@https://registry.npmjs.org/get-proto/-/get-proto-1.0.1.tgz 0ms (cache hit)
481 http cache finalhandler@https://registry.npmjs.org/finalhandler/-/finalhandler-1.3.1.tgz 0ms (cache hit)
482 http cache hasown@https://registry.npmjs.org/hasown/-/hasown-2.0.2.tgz 0ms (cache hit)
483 http cache fsevents@https://registry.npmjs.org/fsevents/-/fsevents-2.3.3.tgz 0ms (cache hit)
484 http cache fill-range@https://registry.npmjs.org/fill-range/-/fill-range-7.1.1.tgz 0ms (cache hit)
485 http cache fresh@https://registry.npmjs.org/fresh/-/fresh-0.5.2.tgz 0ms (cache hit)
486 http cache forwarded@https://registry.npmjs.org/forwarded/-/forwarded-0.2.0.tgz 0ms (cache hit)
487 http cache fast-glob@https://registry.npmjs.org/fast-glob/-/fast-glob-3.3.3.tgz 0ms (cache hit)
488 http cache express@https://registry.npmjs.org/express/-/express-4.21.2.tgz 0ms (cache hit)
489 http cache fdir@https://registry.npmjs.org/fdir/-/fdir-6.4.4.tgz 0ms (cache hit)
490 http cache fastq@https://registry.npmjs.org/fastq/-/fastq-1.19.1.tgz 0ms (cache hit)
491 http cache esbuild@https://registry.npmjs.org/esbuild/-/esbuild-0.25.2.tgz 0ms (cache hit)
492 http cache escape-html@https://registry.npmjs.org/escape-html/-/escape-html-1.0.3.tgz 0ms (cache hit)
493 http cache etag@https://registry.npmjs.org/etag/-/etag-1.8.1.tgz 0ms (cache hit)
494 http cache es-errors@https://registry.npmjs.org/es-errors/-/es-errors-1.3.0.tgz 0ms (cache hit)
495 http cache es-object-atoms@https://registry.npmjs.org/es-object-atoms/-/es-object-atoms-1.1.1.tgz 0ms (cache hit)
496 http cache entities@https://registry.npmjs.org/entities/-/entities-4.5.0.tgz 0ms (cache hit)
497 http cache es-define-property@https://registry.npmjs.org/es-define-property/-/es-define-property-1.0.1.tgz 0ms (cache hit)
498 http cache enhanced-resolve@https://registry.npmjs.org/enhanced-resolve/-/enhanced-resolve-5.18.2.tgz 0ms (cache hit)
499 http cache dunder-proto@https://registry.npmjs.org/dunder-proto/-/dunder-proto-1.0.1.tgz 0ms (cache hit)
500 http cache destroy@https://registry.npmjs.org/destroy/-/destroy-1.2.0.tgz 0ms (cache hit)
501 http cache encodeurl@https://registry.npmjs.org/encodeurl/-/encodeurl-2.0.0.tgz 0ms (cache hit)
502 http cache ee-first@https://registry.npmjs.org/ee-first/-/ee-first-1.1.1.tgz 0ms (cache hit)
503 http cache detect-libc@https://registry.npmjs.org/detect-libc/-/detect-libc-2.0.4.tgz 0ms (cache hit)
504 http cache dotenv@https://registry.npmjs.org/dotenv/-/dotenv-16.6.1.tgz 0ms (cache hit)
505 http cache cors@https://registry.npmjs.org/cors/-/cors-2.8.5.tgz 0ms (cache hit)
506 http cache depd@https://registry.npmjs.org/depd/-/depd-2.0.0.tgz 0ms (cache hit)
507 http cache cpy@https://registry.npmjs.org/cpy/-/cpy-11.1.0.tgz 0ms (cache hit)
508 http cache cookie-signature@https://registry.npmjs.org/cookie-signature/-/cookie-signature-1.0.6.tgz 0ms (cache hit)
509 http cache debug@https://registry.npmjs.org/debug/-/debug-2.6.9.tgz 0ms (cache hit)
510 http cache cookie@https://registry.npmjs.org/cookie/-/cookie-0.7.1.tgz 0ms (cache hit)
511 http cache content-type@https://registry.npmjs.org/content-type/-/content-type-1.0.5.tgz 0ms (cache hit)
512 http cache content-disposition@https://registry.npmjs.org/content-disposition/-/content-disposition-0.5.4.tgz 0ms (cache hit)
513 http cache copy-file@https://registry.npmjs.org/copy-file/-/copy-file-11.0.0.tgz 0ms (cache hit)
514 http cache concat-map@https://registry.npmjs.org/concat-map/-/concat-map-0.0.1.tgz 0ms (cache hit)
515 http cache chokidar@https://registry.npmjs.org/chokidar/-/chokidar-3.6.0.tgz 0ms (cache hit)
516 http cache chownr@https://registry.npmjs.org/chownr/-/chownr-3.0.0.tgz 0ms (cache hit)
517 http cache body-parser@https://registry.npmjs.org/body-parser/-/body-parser-1.20.3.tgz 0ms (cache hit)
518 http cache classlist-polyfill@https://registry.npmjs.org/classlist-polyfill/-/classlist-polyfill-1.2.0.tgz 0ms (cache hit)
519 http cache brace-expansion@https://registry.npmjs.org/brace-expansion/-/brace-expansion-1.1.12.tgz 0ms (cache hit)
520 http cache call-bound@https://registry.npmjs.org/call-bound/-/call-bound-1.0.4.tgz 0ms (cache hit)
521 http cache array-flatten@https://registry.npmjs.org/array-flatten/-/array-flatten-1.1.1.tgz 0ms (cache hit)
522 http cache bytes@https://registry.npmjs.org/bytes/-/bytes-3.1.2.tgz 0ms (cache hit)
523 http cache braces@https://registry.npmjs.org/braces/-/braces-3.0.3.tgz 0ms (cache hit)
524 http cache balanced-match@https://registry.npmjs.org/balanced-match/-/balanced-match-1.0.2.tgz 0ms (cache hit)
525 http cache call-bind-apply-helpers@https://registry.npmjs.org/call-bind-apply-helpers/-/call-bind-apply-helpers-1.0.2.tgz 0ms (cache hit)
526 http cache argparse@https://registry.npmjs.org/argparse/-/argparse-2.0.1.tgz 0ms (cache hit)
527 http cache binary-extensions@https://registry.npmjs.org/binary-extensions/-/binary-extensions-2.3.0.tgz 0ms (cache hit)
528 http cache anymatch@https://registry.npmjs.org/anymatch/-/anymatch-3.1.3.tgz 0ms (cache hit)
529 http cache accepts@https://registry.npmjs.org/accepts/-/accepts-1.3.8.tgz 0ms (cache hit)
530 http cache @types/node@https://registry.npmjs.org/@types/node/-/node-24.3.0.tgz 0ms (cache hit)
531 http cache @types/trusted-types@https://registry.npmjs.org/@types/trusted-types/-/trusted-types-2.0.7.tgz 0ms (cache hit)
532 http cache @tailwindcss/vite@https://registry.npmjs.org/@tailwindcss/vite/-/vite-4.1.11.tgz 0ms (cache hit)
533 http cache aos@https://registry.npmjs.org/aos/-/aos-2.3.4.tgz 0ms (cache hit)
534 http cache @tailwindcss/oxide-darwin-arm64@https://registry.npmjs.org/@tailwindcss/oxide-darwin-arm64/-/oxide-darwin-arm64-4.1.11.tgz 0ms (cache hit)
535 http cache @tailwindcss/oxide@https://registry.npmjs.org/@tailwindcss/oxide/-/oxide-4.1.11.tgz 0ms (cache hit)
536 http cache @tailwindcss/node@https://registry.npmjs.org/@tailwindcss/node/-/node-4.1.11.tgz 0ms (cache hit)
537 http cache @types/estree@https://registry.npmjs.org/@types/estree/-/estree-1.0.7.tgz 0ms (cache hit)
538 http cache @rollup/rollup-darwin-arm64@https://registry.npmjs.org/@rollup/rollup-darwin-arm64/-/rollup-darwin-arm64-4.40.0.tgz 0ms (cache hit)
539 http cache @sindresorhus/merge-streams@https://registry.npmjs.org/@sindresorhus/merge-streams/-/merge-streams-2.3.0.tgz 0ms (cache hit)
540 http cache @nodelib/fs.walk@https://registry.npmjs.org/@nodelib/fs.walk/-/fs.walk-1.2.8.tgz 0ms (cache hit)
541 http cache @monogrid/gainmap-js@https://registry.npmjs.org/@monogrid/gainmap-js/-/gainmap-js-3.1.0.tgz 0ms (cache hit)
542 http cache @lit/reactive-element@https://registry.npmjs.org/@lit/reactive-element/-/reactive-element-2.1.0.tgz 0ms (cache hit)
543 http cache @nodelib/fs.stat@https://registry.npmjs.org/@nodelib/fs.stat/-/fs.stat-2.0.5.tgz 0ms (cache hit)
544 http cache @lit-labs/ssr-dom-shim@https://registry.npmjs.org/@lit-labs/ssr-dom-shim/-/ssr-dom-shim-1.3.0.tgz 0ms (cache hit)
545 http cache @jridgewell/sourcemap-codec@https://registry.npmjs.org/@jridgewell/sourcemap-codec/-/sourcemap-codec-1.5.4.tgz 0ms (cache hit)
546 http cache @nodelib/fs.scandir@https://registry.npmjs.org/@nodelib/fs.scandir/-/fs.scandir-2.1.5.tgz 0ms (cache hit)
547 http cache @jridgewell/trace-mapping@https://registry.npmjs.org/@jridgewell/trace-mapping/-/trace-mapping-0.3.29.tgz 0ms (cache hit)
548 http cache @jridgewell/gen-mapping@https://registry.npmjs.org/@jridgewell/gen-mapping/-/gen-mapping-0.3.12.tgz 0ms (cache hit)
549 http cache @google/model-viewer@https://registry.npmjs.org/@google/model-viewer/-/model-viewer-4.1.0.tgz 0ms (cache hit)
550 http cache @jridgewell/resolve-uri@https://registry.npmjs.org/@jridgewell/resolve-uri/-/resolve-uri-3.1.2.tgz 0ms (cache hit)
551 http cache @esbuild/darwin-arm64@https://registry.npmjs.org/@esbuild/darwin-arm64/-/darwin-arm64-0.25.2.tgz 0ms (cache hit)
552 http cache @ampproject/remapping@https://registry.npmjs.org/@ampproject/remapping/-/remapping-2.3.0.tgz 0ms (cache hit)
553 http cache semver@https://registry.npmjs.org/semver/-/semver-7.8.0.tgz 0ms (cache hit)
554 http cache chownr@https://registry.npmjs.org/chownr/-/chownr-1.1.4.tgz 0ms (cache hit)
555 http cache semver@https://registry.npmjs.org/semver/-/semver-7.0.0.tgz 0ms (cache hit)
556 http cache @isaacs/fs-minipass@https://registry.npmjs.org/@isaacs/fs-minipass/-/fs-minipass-4.0.1.tgz 0ms (cache hit)
557 http cache ms@https://registry.npmjs.org/ms/-/ms-2.1.3.tgz 0ms (cache hit)
558 http cache picomatch@https://registry.npmjs.org/picomatch/-/picomatch-2.3.1.tgz 0ms (cache hit)
559 http cache picomatch@https://registry.npmjs.org/picomatch/-/picomatch-2.3.1.tgz 0ms (cache hit)
560 http cache ms@https://registry.npmjs.org/ms/-/ms-2.1.3.tgz 0ms (cache hit)
561 http cache encodeurl@https://registry.npmjs.org/encodeurl/-/encodeurl-1.0.2.tgz 0ms (cache hit)
562 http cache debug@https://registry.npmjs.org/debug/-/debug-3.2.7.tgz 0ms (cache hit)
563 silly tarball no local data for base64-js@https://registry.npmjs.org/base64-js/-/base64-js-1.5.1.tgz. Extracting by manifest.
564 silly tarball no local data for ieee754@https://registry.npmjs.org/ieee754/-/ieee754-1.2.1.tgz. Extracting by manifest.
565 silly tarball no local data for buffer@https://registry.npmjs.org/buffer/-/buffer-5.7.1.tgz. Extracting by manifest.
566 silly tarball no local data for util-deprecate@https://registry.npmjs.org/util-deprecate/-/util-deprecate-1.0.2.tgz. Extracting by manifest.
567 silly tarball no local data for string_decoder@https://registry.npmjs.org/string_decoder/-/string_decoder-1.3.0.tgz. Extracting by manifest.
568 silly tarball no local data for fs-constants@https://registry.npmjs.org/fs-constants/-/fs-constants-1.0.0.tgz. Extracting by manifest.
569 silly tarball no local data for readable-stream@https://registry.npmjs.org/readable-stream/-/readable-stream-3.6.2.tgz. Extracting by manifest.
570 silly tarball no local data for tar-stream@https://registry.npmjs.org/tar-stream/-/tar-stream-2.2.0.tgz. Extracting by manifest.
571 silly tarball no local data for bl@https://registry.npmjs.org/bl/-/bl-4.1.0.tgz. Extracting by manifest.
572 silly tarball no local data for mimic-response@https://registry.npmjs.org/mimic-response/-/mimic-response-3.1.0.tgz. Extracting by manifest.
573 silly tarball no local data for decompress-response@https://registry.npmjs.org/decompress-response/-/decompress-response-6.0.0.tgz. Extracting by manifest.
574 silly tarball no local data for strip-json-comments@https://registry.npmjs.org/strip-json-comments/-/strip-json-comments-2.0.1.tgz. Extracting by manifest.
575 silly tarball no local data for deep-extend@https://registry.npmjs.org/deep-extend/-/deep-extend-0.6.0.tgz. Extracting by manifest.
576 silly tarball no local data for wrappy@https://registry.npmjs.org/wrappy/-/wrappy-1.0.2.tgz. Extracting by manifest.
577 silly tarball no local data for ini@https://registry.npmjs.org/ini/-/ini-1.3.8.tgz. Extracting by manifest.
578 silly tarball no local data for end-of-stream@https://registry.npmjs.org/end-of-stream/-/end-of-stream-1.4.5.tgz. Extracting by manifest.
579 silly tarball no local data for once@https://registry.npmjs.org/once/-/once-1.4.0.tgz. Extracting by manifest.
580 silly tarball no local data for tar-fs@https://registry.npmjs.org/tar-fs/-/tar-fs-2.1.4.tgz. Extracting by manifest.
581 silly tarball no local data for tunnel-agent@https://registry.npmjs.org/tunnel-agent/-/tunnel-agent-0.6.0.tgz. Extracting by manifest.
582 silly tarball no local data for simple-get@https://registry.npmjs.org/simple-get/-/simple-get-4.0.1.tgz. Extracting by manifest.
583 silly tarball no local data for pump@https://registry.npmjs.org/pump/-/pump-3.0.4.tgz. Extracting by manifest.
584 silly tarball no local data for rc@https://registry.npmjs.org/rc/-/rc-1.2.8.tgz. Extracting by manifest.
585 silly tarball no local data for node-abi@https://registry.npmjs.org/node-abi/-/node-abi-3.92.0.tgz. Extracting by manifest.
586 http cache picomatch@https://registry.npmjs.org/picomatch/-/picomatch-2.3.1.tgz 0ms (cache hit)
587 silly tarball no local data for mkdirp-classic@https://registry.npmjs.org/mkdirp-classic/-/mkdirp-classic-0.5.3.tgz. Extracting by manifest.
588 silly tarball no local data for napi-build-utils@https://registry.npmjs.org/napi-build-utils/-/napi-build-utils-2.0.0.tgz. Extracting by manifest.
589 silly tarball no local data for simple-concat@https://registry.npmjs.org/simple-concat/-/simple-concat-1.0.1.tgz. Extracting by manifest.
590 silly tarball no local data for github-from-package@https://registry.npmjs.org/github-from-package/-/github-from-package-0.0.0.tgz. Extracting by manifest.
591 silly tarball no local data for bindings@https://registry.npmjs.org/bindings/-/bindings-1.5.0.tgz. Extracting by manifest.
592 silly tarball no local data for prebuild-install@https://registry.npmjs.org/prebuild-install/-/prebuild-install-7.1.3.tgz. Extracting by manifest.
593 silly tarball no local data for expand-template@https://registry.npmjs.org/expand-template/-/expand-template-2.0.3.tgz. Extracting by manifest.
594 silly tarball no local data for minimist@https://registry.npmjs.org/minimist/-/minimist-1.2.8.tgz. Extracting by manifest.
595 silly tarball no local data for vite@https://registry.npmjs.org/vite/-/vite-6.3.2.tgz. Extracting by manifest.
596 silly tarball no local data for yallist@https://registry.npmjs.org/yallist/-/yallist-5.0.0.tgz. Extracting by manifest.
597 silly tarball no local data for vary@https://registry.npmjs.org/vary/-/vary-1.1.2.tgz. Extracting by manifest.
598 silly tarball no local data for unicorn-magic@https://registry.npmjs.org/unicorn-magic/-/unicorn-magic-0.3.0.tgz. Extracting by manifest.
599 silly tarball no local data for better-sqlite3@https://registry.npmjs.org/better-sqlite3/-/better-sqlite3-11.10.0.tgz. Extracting by manifest.
600 silly tarball no local data for utils-merge@https://registry.npmjs.org/utils-merge/-/utils-merge-1.0.1.tgz. Extracting by manifest.
601 silly tarball no local data for undici-types@https://registry.npmjs.org/undici-types/-/undici-types-7.10.0.tgz. Extracting by manifest.
602 silly tarball no local data for file-uri-to-path@https://registry.npmjs.org/file-uri-to-path/-/file-uri-to-path-1.0.0.tgz. Extracting by manifest.
603 silly tarball no local data for type-is@https://registry.npmjs.org/type-is/-/type-is-1.6.18.tgz. Extracting by manifest.
604 silly tarball no local data for toidentifier@https://registry.npmjs.org/toidentifier/-/toidentifier-1.0.1.tgz. Extracting by manifest.
605 silly tarball no local data for uc.micro@https://registry.npmjs.org/uc.micro/-/uc.micro-2.1.0.tgz. Extracting by manifest.
606 silly tarball no local data for touch@https://registry.npmjs.org/touch/-/touch-3.1.1.tgz. Extracting by manifest.
607 silly tarball no local data for three@https://registry.npmjs.org/three/-/three-0.172.0.tgz. Extracting by manifest.
608 silly tarball no local data for tapable@https://registry.npmjs.org/tapable/-/tapable-2.2.2.tgz. Extracting by manifest.
609 silly tarball no local data for tar@https://registry.npmjs.org/tar/-/tar-7.4.3.tgz. Extracting by manifest.
610 silly tarball no local data for tinyglobby@https://registry.npmjs.org/tinyglobby/-/tinyglobby-0.2.13.tgz. Extracting by manifest.
611 silly tarball no local data for unpipe@https://registry.npmjs.org/unpipe/-/unpipe-1.0.0.tgz. Extracting by manifest.
612 silly tarball no local data for to-regex-range@https://registry.npmjs.org/to-regex-range/-/to-regex-range-5.0.1.tgz. Extracting by manifest.
613 silly tarball no local data for tailwindcss@https://registry.npmjs.org/tailwindcss/-/tailwindcss-4.1.11.tgz. Extracting by manifest.
614 silly tarball no local data for undefsafe@https://registry.npmjs.org/undefsafe/-/undefsafe-2.0.5.tgz. Extracting by manifest.
615 silly tarball no local data for swiper@https://registry.npmjs.org/swiper/-/swiper-11.2.10.tgz. Extracting by manifest.
616 silly tarball no local data for source-map-js@https://registry.npmjs.org/source-map-js/-/source-map-js-1.2.1.tgz. Extracting by manifest.
617 silly tarball no local data for statuses@https://registry.npmjs.org/statuses/-/statuses-2.0.1.tgz. Extracting by manifest.
618 silly tarball no local data for stripe@https://registry.npmjs.org/stripe/-/stripe-12.18.0.tgz. Extracting by manifest.
619 silly tarball no local data for simple-update-notifier@https://registry.npmjs.org/simple-update-notifier/-/simple-update-notifier-1.1.0.tgz. Extracting by manifest.
620 silly tarball no local data for side-channel-map@https://registry.npmjs.org/side-channel-map/-/side-channel-map-1.0.1.tgz. Extracting by manifest.
621 silly tarball no local data for side-channel-weakmap@https://registry.npmjs.org/side-channel-weakmap/-/side-channel-weakmap-1.0.2.tgz. Extracting by manifest.
622 silly tarball no local data for slash@https://registry.npmjs.org/slash/-/slash-5.1.0.tgz. Extracting by manifest.
623 silly tarball no local data for side-channel@https://registry.npmjs.org/side-channel/-/side-channel-1.1.0.tgz. Extracting by manifest.
624 silly tarball no local data for serve-static@https://registry.npmjs.org/serve-static/-/serve-static-1.16.2.tgz. Extracting by manifest.
625 silly tarball no local data for send@https://registry.npmjs.org/send/-/send-0.19.0.tgz. Extracting by manifest.
626 silly tarball no local data for semver@https://registry.npmjs.org/semver/-/semver-5.7.2.tgz. Extracting by manifest.
627 silly tarball no local data for side-channel-list@https://registry.npmjs.org/side-channel-list/-/side-channel-list-1.0.0.tgz. Extracting by manifest.
628 silly tarball no local data for setprototypeof@https://registry.npmjs.org/setprototypeof/-/setprototypeof-1.2.0.tgz. Extracting by manifest.
629 silly tarball no local data for safer-buffer@https://registry.npmjs.org/safer-buffer/-/safer-buffer-2.1.2.tgz. Extracting by manifest.
630 silly tarball no local data for supports-color@https://registry.npmjs.org/supports-color/-/supports-color-5.5.0.tgz. Extracting by manifest.
631 silly tarball no local data for reusify@https://registry.npmjs.org/reusify/-/reusify-1.1.0.tgz. Extracting by manifest.
632 silly tarball no local data for rollup@https://registry.npmjs.org/rollup/-/rollup-4.40.0.tgz. Extracting by manifest.
633 silly tarball no local data for readdirp@https://registry.npmjs.org/readdirp/-/readdirp-3.6.0.tgz. Extracting by manifest.
634 silly tarball no local data for raw-body@https://registry.npmjs.org/raw-body/-/raw-body-2.5.2.tgz. Extracting by manifest.
635 silly tarball no local data for safe-buffer@https://registry.npmjs.org/safe-buffer/-/safe-buffer-5.2.1.tgz. Extracting by manifest.
636 silly tarball no local data for punycode.js@https://registry.npmjs.org/punycode.js/-/punycode.js-2.3.1.tgz. Extracting by manifest.
637 silly tarball no local data for run-parallel@https://registry.npmjs.org/run-parallel/-/run-parallel-1.2.0.tgz. Extracting by manifest.
638 silly tarball no local data for range-parser@https://registry.npmjs.org/range-parser/-/range-parser-1.2.1.tgz. Extracting by manifest.
639 silly tarball no local data for promise-worker-transferable@https://registry.npmjs.org/promise-worker-transferable/-/promise-worker-transferable-1.0.4.tgz. Extracting by manifest.
640 silly tarball no local data for proxy-addr@https://registry.npmjs.org/proxy-addr/-/proxy-addr-2.0.7.tgz. Extracting by manifest.
641 silly tarball no local data for picocolors@https://registry.npmjs.org/picocolors/-/picocolors-1.1.1.tgz. Extracting by manifest.
642 silly tarball no local data for postcss@https://registry.npmjs.org/postcss/-/postcss-8.5.3.tgz. Extracting by manifest.
643 silly tarball no local data for qs@https://registry.npmjs.org/qs/-/qs-6.13.0.tgz. Extracting by manifest.
644 silly tarball no local data for queue-microtask@https://registry.npmjs.org/queue-microtask/-/queue-microtask-1.2.3.tgz. Extracting by manifest.
645 silly tarball no local data for pstree.remy@https://registry.npmjs.org/pstree.remy/-/pstree.remy-1.1.8.tgz. Extracting by manifest.
646 silly tarball no local data for path-type@https://registry.npmjs.org/path-type/-/path-type-6.0.0.tgz. Extracting by manifest.
647 silly tarball no local data for p-timeout@https://registry.npmjs.org/p-timeout/-/p-timeout-6.1.4.tgz. Extracting by manifest.
648 silly tarball no local data for p-map@https://registry.npmjs.org/p-map/-/p-map-7.0.3.tgz. Extracting by manifest.
649 silly tarball no local data for parseurl@https://registry.npmjs.org/parseurl/-/parseurl-1.3.3.tgz. Extracting by manifest.
650 silly tarball no local data for path-to-regexp@https://registry.npmjs.org/path-to-regexp/-/path-to-regexp-0.1.12.tgz. Extracting by manifest.
651 silly tarball no local data for p-filter@https://registry.npmjs.org/p-filter/-/p-filter-4.1.0.tgz. Extracting by manifest.
652 silly tarball no local data for p-event@https://registry.npmjs.org/p-event/-/p-event-6.0.1.tgz. Extracting by manifest.
653 silly tarball no local data for on-finished@https://registry.npmjs.org/on-finished/-/on-finished-2.4.1.tgz. Extracting by manifest.
654 silly tarball no local data for object-assign@https://registry.npmjs.org/object-assign/-/object-assign-4.1.1.tgz. Extracting by manifest.
655 silly tarball no local data for normalize.css@https://registry.npmjs.org/normalize.css/-/normalize.css-8.0.1.tgz. Extracting by manifest.
656 silly tarball no local data for object-inspect@https://registry.npmjs.org/object-inspect/-/object-inspect-1.13.4.tgz. Extracting by manifest.
657 silly tarball no local data for nodemon@https://registry.npmjs.org/nodemon/-/nodemon-2.0.22.tgz. Extracting by manifest.
658 silly tarball no local data for negotiator@https://registry.npmjs.org/negotiator/-/negotiator-0.6.3.tgz. Extracting by manifest.
659 silly tarball no local data for minizlib@https://registry.npmjs.org/minizlib/-/minizlib-3.0.2.tgz. Extracting by manifest.
660 silly tarball no local data for normalize-path@https://registry.npmjs.org/normalize-path/-/normalize-path-3.0.0.tgz. Extracting by manifest.
661 silly tarball no local data for mkdirp@https://registry.npmjs.org/mkdirp/-/mkdirp-3.0.1.tgz. Extracting by manifest.
662 silly tarball no local data for ms@https://registry.npmjs.org/ms/-/ms-2.0.0.tgz. Extracting by manifest.
663 silly tarball no local data for nanoid@https://registry.npmjs.org/nanoid/-/nanoid-3.3.11.tgz. Extracting by manifest.
664 silly tarball no local data for minipass@https://registry.npmjs.org/minipass/-/minipass-7.1.2.tgz. Extracting by manifest.
665 silly tarball no local data for minimatch@https://registry.npmjs.org/minimatch/-/minimatch-3.1.2.tgz. Extracting by manifest.
666 silly tarball no local data for picomatch@https://registry.npmjs.org/picomatch/-/picomatch-4.0.2.tgz. Extracting by manifest.
667 silly tarball no local data for mime@https://registry.npmjs.org/mime/-/mime-1.6.0.tgz. Extracting by manifest.
668 silly tarball no local data for micromatch@https://registry.npmjs.org/micromatch/-/micromatch-4.0.8.tgz. Extracting by manifest.
669 silly tarball no local data for mime-db@https://registry.npmjs.org/mime-db/-/mime-db-1.52.0.tgz. Extracting by manifest.
670 silly tarball no local data for merge2@https://registry.npmjs.org/merge2/-/merge2-1.4.1.tgz. Extracting by manifest.
671 silly tarball no local data for mime-types@https://registry.npmjs.org/mime-types/-/mime-types-2.1.35.tgz. Extracting by manifest.
672 silly tarball no local data for mdurl@https://registry.npmjs.org/mdurl/-/mdurl-2.0.0.tgz. Extracting by manifest.
673 silly tarball no local data for marked@https://registry.npmjs.org/marked/-/marked-16.2.0.tgz. Extracting by manifest.
674 silly tarball no local data for merge-descriptors@https://registry.npmjs.org/merge-descriptors/-/merge-descriptors-1.0.3.tgz. Extracting by manifest.
675 silly tarball no local data for math-intrinsics@https://registry.npmjs.org/math-intrinsics/-/math-intrinsics-1.1.0.tgz. Extracting by manifest.
676 silly tarball no local data for methods@https://registry.npmjs.org/methods/-/methods-1.1.2.tgz. Extracting by manifest.
677 silly tarball no local data for media-typer@https://registry.npmjs.org/media-typer/-/media-typer-0.3.0.tgz. Extracting by manifest.
678 silly tarball no local data for lodash.debounce@https://registry.npmjs.org/lodash.debounce/-/lodash.debounce-4.0.8.tgz. Extracting by manifest.
679 silly tarball no local data for lodash.throttle@https://registry.npmjs.org/lodash.throttle/-/lodash.throttle-4.1.1.tgz. Extracting by manifest.
680 silly tarball no local data for lit@https://registry.npmjs.org/lit/-/lit-3.3.0.tgz. Extracting by manifest.
681 silly tarball no local data for lit-html@https://registry.npmjs.org/lit-html/-/lit-html-3.3.0.tgz. Extracting by manifest.
682 silly tarball no local data for linkify-it@https://registry.npmjs.org/linkify-it/-/linkify-it-5.0.0.tgz. Extracting by manifest.
683 silly tarball no local data for magic-string@https://registry.npmjs.org/magic-string/-/magic-string-0.30.17.tgz. Extracting by manifest.
684 silly tarball no local data for lightningcss-darwin-arm64@https://registry.npmjs.org/lightningcss-darwin-arm64/-/lightningcss-darwin-arm64-1.30.1.tgz. Extracting by manifest.
685 silly tarball no local data for lit-element@https://registry.npmjs.org/lit-element/-/lit-element-4.2.0.tgz. Extracting by manifest.
686 silly tarball no local data for lightningcss@https://registry.npmjs.org/lightningcss/-/lightningcss-1.30.1.tgz. Extracting by manifest.
687 silly tarball no local data for markdown-it@https://registry.npmjs.org/markdown-it/-/markdown-it-14.1.0.tgz. Extracting by manifest.
688 silly tarball no local data for jiti@https://registry.npmjs.org/jiti/-/jiti-2.4.2.tgz. Extracting by manifest.
689 silly tarball no local data for junk@https://registry.npmjs.org/junk/-/junk-4.0.1.tgz. Extracting by manifest.
690 silly tarball no local data for is-number@https://registry.npmjs.org/is-number/-/is-number-7.0.0.tgz. Extracting by manifest.
691 silly tarball no local data for is-promise@https://registry.npmjs.org/is-promise/-/is-promise-2.2.2.tgz. Extracting by manifest.
692 silly tarball no local data for is-extglob@https://registry.npmjs.org/is-extglob/-/is-extglob-2.1.1.tgz. Extracting by manifest.
693 silly tarball no local data for is-binary-path@https://registry.npmjs.org/is-binary-path/-/is-binary-path-2.1.0.tgz. Extracting by manifest.
694 silly tarball no local data for is-glob@https://registry.npmjs.org/is-glob/-/is-glob-4.0.3.tgz. Extracting by manifest.
695 silly tarball no local data for ipaddr.js@https://registry.npmjs.org/ipaddr.js/-/ipaddr.js-1.9.1.tgz. Extracting by manifest.
696 silly tarball no local data for ignore@https://registry.npmjs.org/ignore/-/ignore-7.0.3.tgz. Extracting by manifest.
697 silly tarball no local data for ignore-by-default@https://registry.npmjs.org/ignore-by-default/-/ignore-by-default-1.0.1.tgz. Extracting by manifest.
698 silly tarball no local data for lie@https://registry.npmjs.org/lie/-/lie-3.3.0.tgz. Extracting by manifest.
699 silly tarball no local data for http-errors@https://registry.npmjs.org/http-errors/-/http-errors-2.0.0.tgz. Extracting by manifest.
700 silly tarball no local data for iconv-lite@https://registry.npmjs.org/iconv-lite/-/iconv-lite-0.4.24.tgz. Extracting by manifest.
701 silly tarball no local data for inherits@https://registry.npmjs.org/inherits/-/inherits-2.0.4.tgz. Extracting by manifest.
702 silly tarball no local data for has-flag@https://registry.npmjs.org/has-flag/-/has-flag-3.0.0.tgz. Extracting by manifest.
703 silly tarball no local data for has-symbols@https://registry.npmjs.org/has-symbols/-/has-symbols-1.1.0.tgz. Extracting by manifest.
704 silly tarball no local data for graceful-fs@https://registry.npmjs.org/graceful-fs/-/graceful-fs-4.2.11.tgz. Extracting by manifest.
705 silly tarball no local data for gsap@https://registry.npmjs.org/gsap/-/gsap-3.12.7.tgz. Extracting by manifest.
706 silly tarball no local data for immediate@https://registry.npmjs.org/immediate/-/immediate-3.0.6.tgz. Extracting by manifest.
707 silly tarball no local data for get-intrinsic@https://registry.npmjs.org/get-intrinsic/-/get-intrinsic-1.3.0.tgz. Extracting by manifest.
708 silly tarball no local data for glob-parent@https://registry.npmjs.org/glob-parent/-/glob-parent-5.1.2.tgz. Extracting by manifest.
709 silly tarball no local data for function-bind@https://registry.npmjs.org/function-bind/-/function-bind-1.1.2.tgz. Extracting by manifest.
710 silly tarball no local data for globby@https://registry.npmjs.org/globby/-/globby-14.1.0.tgz. Extracting by manifest.
711 silly tarball no local data for gopd@https://registry.npmjs.org/gopd/-/gopd-1.2.0.tgz. Extracting by manifest.
712 silly tarball no local data for get-proto@https://registry.npmjs.org/get-proto/-/get-proto-1.0.1.tgz. Extracting by manifest.
713 silly tarball no local data for finalhandler@https://registry.npmjs.org/finalhandler/-/finalhandler-1.3.1.tgz. Extracting by manifest.
714 silly tarball no local data for hasown@https://registry.npmjs.org/hasown/-/hasown-2.0.2.tgz. Extracting by manifest.
715 silly tarball no local data for fsevents@https://registry.npmjs.org/fsevents/-/fsevents-2.3.3.tgz. Extracting by manifest.
716 silly tarball no local data for fill-range@https://registry.npmjs.org/fill-range/-/fill-range-7.1.1.tgz. Extracting by manifest.
717 silly tarball no local data for forwarded@https://registry.npmjs.org/forwarded/-/forwarded-0.2.0.tgz. Extracting by manifest.
718 silly tarball no local data for fresh@https://registry.npmjs.org/fresh/-/fresh-0.5.2.tgz. Extracting by manifest.
719 silly tarball no local data for fast-glob@https://registry.npmjs.org/fast-glob/-/fast-glob-3.3.3.tgz. Extracting by manifest.
720 silly tarball no local data for express@https://registry.npmjs.org/express/-/express-4.21.2.tgz. Extracting by manifest.
721 silly tarball no local data for fdir@https://registry.npmjs.org/fdir/-/fdir-6.4.4.tgz. Extracting by manifest.
722 silly tarball no local data for fastq@https://registry.npmjs.org/fastq/-/fastq-1.19.1.tgz. Extracting by manifest.
723 silly tarball no local data for esbuild@https://registry.npmjs.org/esbuild/-/esbuild-0.25.2.tgz. Extracting by manifest.
724 silly tarball no local data for escape-html@https://registry.npmjs.org/escape-html/-/escape-html-1.0.3.tgz. Extracting by manifest.
725 silly tarball no local data for etag@https://registry.npmjs.org/etag/-/etag-1.8.1.tgz. Extracting by manifest.
726 silly tarball no local data for es-errors@https://registry.npmjs.org/es-errors/-/es-errors-1.3.0.tgz. Extracting by manifest.
727 silly tarball no local data for es-object-atoms@https://registry.npmjs.org/es-object-atoms/-/es-object-atoms-1.1.1.tgz. Extracting by manifest.
728 silly tarball no local data for entities@https://registry.npmjs.org/entities/-/entities-4.5.0.tgz. Extracting by manifest.
729 silly tarball no local data for es-define-property@https://registry.npmjs.org/es-define-property/-/es-define-property-1.0.1.tgz. Extracting by manifest.
730 silly tarball no local data for enhanced-resolve@https://registry.npmjs.org/enhanced-resolve/-/enhanced-resolve-5.18.2.tgz. Extracting by manifest.
731 silly tarball no local data for dunder-proto@https://registry.npmjs.org/dunder-proto/-/dunder-proto-1.0.1.tgz. Extracting by manifest.
732 silly tarball no local data for destroy@https://registry.npmjs.org/destroy/-/destroy-1.2.0.tgz. Extracting by manifest.
733 silly tarball no local data for encodeurl@https://registry.npmjs.org/encodeurl/-/encodeurl-2.0.0.tgz. Extracting by manifest.
734 silly tarball no local data for ee-first@https://registry.npmjs.org/ee-first/-/ee-first-1.1.1.tgz. Extracting by manifest.
735 silly tarball no local data for detect-libc@https://registry.npmjs.org/detect-libc/-/detect-libc-2.0.4.tgz. Extracting by manifest.
736 silly tarball no local data for dotenv@https://registry.npmjs.org/dotenv/-/dotenv-16.6.1.tgz. Extracting by manifest.
737 silly tarball no local data for cors@https://registry.npmjs.org/cors/-/cors-2.8.5.tgz. Extracting by manifest.
738 silly tarball no local data for depd@https://registry.npmjs.org/depd/-/depd-2.0.0.tgz. Extracting by manifest.
739 silly tarball no local data for cpy@https://registry.npmjs.org/cpy/-/cpy-11.1.0.tgz. Extracting by manifest.
740 silly tarball no local data for cookie-signature@https://registry.npmjs.org/cookie-signature/-/cookie-signature-1.0.6.tgz. Extracting by manifest.
741 silly tarball no local data for debug@https://registry.npmjs.org/debug/-/debug-2.6.9.tgz. Extracting by manifest.
742 silly tarball no local data for cookie@https://registry.npmjs.org/cookie/-/cookie-0.7.1.tgz. Extracting by manifest.
743 silly tarball no local data for content-type@https://registry.npmjs.org/content-type/-/content-type-1.0.5.tgz. Extracting by manifest.
744 silly tarball no local data for content-disposition@https://registry.npmjs.org/content-disposition/-/content-disposition-0.5.4.tgz. Extracting by manifest.
745 silly tarball no local data for copy-file@https://registry.npmjs.org/copy-file/-/copy-file-11.0.0.tgz. Extracting by manifest.
746 silly tarball no local data for concat-map@https://registry.npmjs.org/concat-map/-/concat-map-0.0.1.tgz. Extracting by manifest.
747 silly tarball no local data for chokidar@https://registry.npmjs.org/chokidar/-/chokidar-3.6.0.tgz. Extracting by manifest.
748 silly tarball no local data for chownr@https://registry.npmjs.org/chownr/-/chownr-3.0.0.tgz. Extracting by manifest.
749 silly tarball no local data for body-parser@https://registry.npmjs.org/body-parser/-/body-parser-1.20.3.tgz. Extracting by manifest.
750 silly tarball no local data for classlist-polyfill@https://registry.npmjs.org/classlist-polyfill/-/classlist-polyfill-1.2.0.tgz. Extracting by manifest.
751 silly tarball no local data for brace-expansion@https://registry.npmjs.org/brace-expansion/-/brace-expansion-1.1.12.tgz. Extracting by manifest.
752 silly tarball no local data for call-bound@https://registry.npmjs.org/call-bound/-/call-bound-1.0.4.tgz. Extracting by manifest.
753 silly tarball no local data for array-flatten@https://registry.npmjs.org/array-flatten/-/array-flatten-1.1.1.tgz. Extracting by manifest.
754 silly tarball no local data for bytes@https://registry.npmjs.org/bytes/-/bytes-3.1.2.tgz. Extracting by manifest.
755 silly tarball no local data for braces@https://registry.npmjs.org/braces/-/braces-3.0.3.tgz. Extracting by manifest.
756 silly tarball no local data for balanced-match@https://registry.npmjs.org/balanced-match/-/balanced-match-1.0.2.tgz. Extracting by manifest.
757 silly tarball no local data for call-bind-apply-helpers@https://registry.npmjs.org/call-bind-apply-helpers/-/call-bind-apply-helpers-1.0.2.tgz. Extracting by manifest.
758 silly tarball no local data for argparse@https://registry.npmjs.org/argparse/-/argparse-2.0.1.tgz. Extracting by manifest.
759 silly tarball no local data for binary-extensions@https://registry.npmjs.org/binary-extensions/-/binary-extensions-2.3.0.tgz. Extracting by manifest.
760 silly tarball no local data for anymatch@https://registry.npmjs.org/anymatch/-/anymatch-3.1.3.tgz. Extracting by manifest.
761 silly tarball no local data for accepts@https://registry.npmjs.org/accepts/-/accepts-1.3.8.tgz. Extracting by manifest.
762 silly tarball no local data for @types/node@https://registry.npmjs.org/@types/node/-/node-24.3.0.tgz. Extracting by manifest.
763 silly tarball no local data for @types/trusted-types@https://registry.npmjs.org/@types/trusted-types/-/trusted-types-2.0.7.tgz. Extracting by manifest.
764 silly tarball no local data for @tailwindcss/vite@https://registry.npmjs.org/@tailwindcss/vite/-/vite-4.1.11.tgz. Extracting by manifest.
765 silly tarball no local data for aos@https://registry.npmjs.org/aos/-/aos-2.3.4.tgz. Extracting by manifest.
766 silly tarball no local data for @tailwindcss/oxide-darwin-arm64@https://registry.npmjs.org/@tailwindcss/oxide-darwin-arm64/-/oxide-darwin-arm64-4.1.11.tgz. Extracting by manifest.
767 silly tarball no local data for @tailwindcss/oxide@https://registry.npmjs.org/@tailwindcss/oxide/-/oxide-4.1.11.tgz. Extracting by manifest.
768 silly tarball no local data for @tailwindcss/node@https://registry.npmjs.org/@tailwindcss/node/-/node-4.1.11.tgz. Extracting by manifest.
769 silly tarball no local data for @types/estree@https://registry.npmjs.org/@types/estree/-/estree-1.0.7.tgz. Extracting by manifest.
770 silly tarball no local data for @rollup/rollup-darwin-arm64@https://registry.npmjs.org/@rollup/rollup-darwin-arm64/-/rollup-darwin-arm64-4.40.0.tgz. Extracting by manifest.
771 silly tarball no local data for @sindresorhus/merge-streams@https://registry.npmjs.org/@sindresorhus/merge-streams/-/merge-streams-2.3.0.tgz. Extracting by manifest.
772 silly tarball no local data for @nodelib/fs.walk@https://registry.npmjs.org/@nodelib/fs.walk/-/fs.walk-1.2.8.tgz. Extracting by manifest.
773 silly tarball no local data for @monogrid/gainmap-js@https://registry.npmjs.org/@monogrid/gainmap-js/-/gainmap-js-3.1.0.tgz. Extracting by manifest.
774 silly tarball no local data for @lit/reactive-element@https://registry.npmjs.org/@lit/reactive-element/-/reactive-element-2.1.0.tgz. Extracting by manifest.
775 silly tarball no local data for @nodelib/fs.stat@https://registry.npmjs.org/@nodelib/fs.stat/-/fs.stat-2.0.5.tgz. Extracting by manifest.
776 silly tarball no local data for @lit-labs/ssr-dom-shim@https://registry.npmjs.org/@lit-labs/ssr-dom-shim/-/ssr-dom-shim-1.3.0.tgz. Extracting by manifest.
777 silly tarball no local data for @jridgewell/sourcemap-codec@https://registry.npmjs.org/@jridgewell/sourcemap-codec/-/sourcemap-codec-1.5.4.tgz. Extracting by manifest.
778 silly tarball no local data for @nodelib/fs.scandir@https://registry.npmjs.org/@nodelib/fs.scandir/-/fs.scandir-2.1.5.tgz. Extracting by manifest.
779 silly tarball no local data for @jridgewell/trace-mapping@https://registry.npmjs.org/@jridgewell/trace-mapping/-/trace-mapping-0.3.29.tgz. Extracting by manifest.
780 silly tarball no local data for @jridgewell/gen-mapping@https://registry.npmjs.org/@jridgewell/gen-mapping/-/gen-mapping-0.3.12.tgz. Extracting by manifest.
781 silly tarball no local data for @google/model-viewer@https://registry.npmjs.org/@google/model-viewer/-/model-viewer-4.1.0.tgz. Extracting by manifest.
782 silly tarball no local data for @jridgewell/resolve-uri@https://registry.npmjs.org/@jridgewell/resolve-uri/-/resolve-uri-3.1.2.tgz. Extracting by manifest.
783 silly tarball no local data for @esbuild/darwin-arm64@https://registry.npmjs.org/@esbuild/darwin-arm64/-/darwin-arm64-0.25.2.tgz. Extracting by manifest.
784 silly tarball no local data for @ampproject/remapping@https://registry.npmjs.org/@ampproject/remapping/-/remapping-2.3.0.tgz. Extracting by manifest.
785 silly tarball no local data for semver@https://registry.npmjs.org/semver/-/semver-7.8.0.tgz. Extracting by manifest.
786 silly tarball no local data for chownr@https://registry.npmjs.org/chownr/-/chownr-1.1.4.tgz. Extracting by manifest.
787 silly tarball no local data for semver@https://registry.npmjs.org/semver/-/semver-7.0.0.tgz. Extracting by manifest.
788 silly tarball no local data for @isaacs/fs-minipass@https://registry.npmjs.org/@isaacs/fs-minipass/-/fs-minipass-4.0.1.tgz. Extracting by manifest.
789 silly tarball no local data for ms@https://registry.npmjs.org/ms/-/ms-2.1.3.tgz. Extracting by manifest.
790 silly tarball no local data for picomatch@https://registry.npmjs.org/picomatch/-/picomatch-2.3.1.tgz. Extracting by manifest.
791 silly tarball no local data for picomatch@https://registry.npmjs.org/picomatch/-/picomatch-2.3.1.tgz. Extracting by manifest.
792 silly tarball no local data for ms@https://registry.npmjs.org/ms/-/ms-2.1.3.tgz. Extracting by manifest.
793 silly tarball no local data for encodeurl@https://registry.npmjs.org/encodeurl/-/encodeurl-1.0.2.tgz. Extracting by manifest.
794 silly tarball no local data for debug@https://registry.npmjs.org/debug/-/debug-3.2.7.tgz. Extracting by manifest.
795 silly tarball no local data for picomatch@https://registry.npmjs.org/picomatch/-/picomatch-2.3.1.tgz. Extracting by manifest.
796 http fetch GET 200 https://registry.npmjs.org/util-deprecate/-/util-deprecate-1.0.2.tgz 270ms (cache miss)
797 http fetch GET 200 https://registry.npmjs.org/base64-js/-/base64-js-1.5.1.tgz 271ms (cache miss)
798 http fetch GET 200 https://registry.npmjs.org/string_decoder/-/string_decoder-1.3.0.tgz 273ms (cache miss)
799 http fetch GET 200 https://registry.npmjs.org/buffer/-/buffer-5.7.1.tgz 299ms (cache miss)
800 http fetch GET 200 https://registry.npmjs.org/tar-stream/-/tar-stream-2.2.0.tgz 381ms (cache miss)
801 http fetch GET 200 https://registry.npmjs.org/readable-stream/-/readable-stream-3.6.2.tgz 383ms (cache miss)
802 http fetch GET 200 https://registry.npmjs.org/fs-constants/-/fs-constants-1.0.0.tgz 464ms (cache miss)
803 http fetch GET 200 https://registry.npmjs.org/ieee754/-/ieee754-1.2.1.tgz 467ms (cache miss)
804 http fetch GET 200 https://registry.npmjs.org/end-of-stream/-/end-of-stream-1.4.5.tgz 567ms (cache miss)
805 http fetch GET 200 https://registry.npmjs.org/ini/-/ini-1.3.8.tgz 567ms (cache miss)
806 http fetch GET 200 https://registry.npmjs.org/once/-/once-1.4.0.tgz 567ms (cache miss)
807 http fetch GET 200 https://registry.npmjs.org/tar-fs/-/tar-fs-2.1.4.tgz 569ms (cache miss)
808 http fetch GET 200 https://registry.npmjs.org/simple-get/-/simple-get-4.0.1.tgz 615ms (cache miss)
809 http fetch POST 200 https://registry.npmjs.org/-/npm/v1/security/advisories/bulk 653ms
810 silly audit report {
810 silly audit report   picomatch: [
810 silly audit report     {
810 silly audit report       id: 1115549,
810 silly audit report       url: 'https://github.com/advisories/GHSA-3v7f-55p6-f55p',
810 silly audit report       title: 'Picomatch: Method Injection in POSIX Character Classes causes incorrect Glob Matching',
810 silly audit report       severity: 'moderate',
810 silly audit report       vulnerable_versions: '<2.3.2',
810 silly audit report       cwe: [Array],
810 silly audit report       cvss: [Object]
810 silly audit report     },
810 silly audit report     {
810 silly audit report       id: 1115551,
810 silly audit report       url: 'https://github.com/advisories/GHSA-3v7f-55p6-f55p',
810 silly audit report       title: 'Picomatch: Method Injection in POSIX Character Classes causes incorrect Glob Matching',
810 silly audit report       severity: 'moderate',
810 silly audit report       vulnerable_versions: '>=4.0.0 <4.0.4',
810 silly audit report       cwe: [Array],
810 silly audit report       cvss: [Object]
810 silly audit report     },
810 silly audit report     {
810 silly audit report       id: 1115552,
810 silly audit report       url: 'https://github.com/advisories/GHSA-c2c7-rcm5-vvqj',
810 silly audit report       title: 'Picomatch has a ReDoS vulnerability via extglob quantifiers',
810 silly audit report       severity: 'high',
810 silly audit report       vulnerable_versions: '<2.3.2',
810 silly audit report       cwe: [Array],
810 silly audit report       cvss: [Object]
810 silly audit report     },
810 silly audit report     {
810 silly audit report       id: 1115554,
810 silly audit report       url: 'https://github.com/advisories/GHSA-c2c7-rcm5-vvqj',
810 silly audit report       title: 'Picomatch has a ReDoS vulnerability via extglob quantifiers',
810 silly audit report       severity: 'high',
810 silly audit report       vulnerable_versions: '>=4.0.0 <4.0.4',
810 silly audit report       cwe: [Array],
810 silly audit report       cvss: [Object]
810 silly audit report     }
810 silly audit report   ],
810 silly audit report   'brace-expansion': [
810 silly audit report     {
810 silly audit report       id: 1115540,
810 silly audit report       url: 'https://github.com/advisories/GHSA-f886-m6hf-6m8v',
810 silly audit report       title: 'brace-expansion: Zero-step sequence causes process hang and memory exhaustion',
810 silly audit report       severity: 'moderate',
810 silly audit report       vulnerable_versions: '<1.1.13',
810 silly audit report       cwe: [Array],
810 silly audit report       cvss: [Object]
810 silly audit report     }
810 silly audit report   ],
810 silly audit report   'markdown-it': [
810 silly audit report     {
810 silly audit report       id: 1113190,
810 silly audit report       url: 'https://github.com/advisories/GHSA-38c4-r59v-3vqw',
810 silly audit report       title: 'markdown-it is has a Regular Expression Denial of Service (ReDoS)',
810 silly audit report       severity: 'moderate',
810 silly audit report       vulnerable_versions: '>=13.0.0 <14.1.1',
810 silly audit report       cwe: [Array],
810 silly audit report       cvss: [Object]
810 silly audit report     }
810 silly audit report   ],
810 silly audit report   minimatch: [
810 silly audit report     {
810 silly audit report       id: 1113459,
810 silly audit report       url: 'https://github.com/advisories/GHSA-3ppc-4f35-3m26',
810 silly audit report       title: 'minimatch has a ReDoS via repeated wildcards with non-matching literal in pattern',
810 silly audit report       severity: 'high',
810 silly audit report       vulnerable_versions: '<3.1.3',
810 silly audit report       cwe: [Array],
810 silly audit report       cvss: [Object]
810 silly audit report     },
810 silly audit report     {
810 silly audit report       id: 1113538,
810 silly audit report       url: 'https://github.com/advisories/GHSA-7r86-cg39-jmmj',
810 silly audit report       title: 'minimatch has ReDoS: matchOne() combinatorial backtracking via multiple non-adjacent GLOBSTAR segments',
810 silly audit report       severity: 'high',
810 silly audit report       vulnerable_versions: '<3.1.3',
810 silly audit report       cwe: [Array],
810 silly audit report       cvss: [Object]
810 silly audit report     },
810 silly audit report     {
810 silly audit report       id: 1113546,
810 silly audit report       url: 'https://github.com/advisories/GHSA-23c5-xmqv-rm74',
810 silly audit report       title: 'minimatch ReDoS: nested *() extglobs generate catastrophically backtracking regular expressions',
810 silly audit report       severity: 'high',
810 silly audit report       vulnerable_versions: '<3.1.4',
810 silly audit report       cwe: [Array],
810 silly audit report       cvss: [Object]
810 silly audit report     }
810 silly audit report   ],
810 silly audit report   'path-to-regexp': [
810 silly audit report     {
810 silly audit report       id: 1115527,
810 silly audit report       url: 'https://github.com/advisories/GHSA-37ch-88jc-xwx2',
810 silly audit report       title: 'path-to-regexp vulnerable to Regular Expression Denial of Service via multiple route parameters',
810 silly audit report       severity: 'high',
810 silly audit report       vulnerable_versions: '<0.1.13',
810 silly audit report       cwe: [Array],
810 silly audit report       cvss: [Object]
810 silly audit report     }
810 silly audit report   ],
810 silly audit report   postcss: [
810 silly audit report     {
810 silly audit report       id: 1117015,
810 silly audit report       url: 'https://github.com/advisories/GHSA-qx2v-qp2m-jg93',
810 silly audit report       title: 'PostCSS has XSS via Unescaped </style> in its CSS Stringify Output',
810 silly audit report       severity: 'moderate',
810 silly audit report       vulnerable_versions: '<8.5.10',
810 silly audit report       cwe: [Array],
810 silly audit report       cvss: [Object]
810 silly audit report     }
810 silly audit report   ],
810 silly audit report   qs: [
810 silly audit report     {
810 silly audit report       id: 1113161,
810 silly audit report       url: 'https://github.com/advisories/GHSA-w7fw-mjwx-w883',
810 silly audit report       title: "qs's arrayLimit bypass in comma parsing allows denial of service",
810 silly audit report       severity: 'low',
810 silly audit report       vulnerable_versions: '>=6.7.0 <=6.14.1',
810 silly audit report       cwe: [Array],
810 silly audit report       cvss: [Object]
810 silly audit report     },
810 silly audit report     {
810 silly audit report       id: 1113719,
810 silly audit report       url: 'https://github.com/advisories/GHSA-6rw7-vpxm-498p',
810 silly audit report       title: "qs's arrayLimit bypass in its bracket notation allows DoS via memory exhaustion",
810 silly audit report       severity: 'moderate',
810 silly audit report       vulnerable_versions: '<6.14.1',
810 silly audit report       cwe: [Array],
810 silly audit report       cvss: [Object]
810 silly audit report     }
810 silly audit report   ],
810 silly audit report   rollup: [
810 silly audit report     {
810 silly audit report       id: 1113515,
810 silly audit report       url: 'https://github.com/advisories/GHSA-mw96-cpmx-2vgc',
810 silly audit report       title: 'Rollup 4 has Arbitrary File Write via Path Traversal',
810 silly audit report       severity: 'high',
810 silly audit report       vulnerable_versions: '>=4.0.0 <4.59.0',
810 silly audit report       cwe: [Array],
810 silly audit report       cvss: [Object]
810 silly audit report     }
810 silly audit report   ],
810 silly audit report   semver: [
810 silly audit report     {
810 silly audit report       id: 1112921,
810 silly audit report       url: 'https://github.com/advisories/GHSA-c2qf-rxjj-qqgw',
810 silly audit report       title: 'semver vulnerable to Regular Expression Denial of Service',
810 silly audit report       severity: 'high',
810 silly audit report       vulnerable_versions: '>=7.0.0 <7.5.2',
810 silly audit report       cwe: [Array],
810 silly audit report       cvss: [Object]
810 silly audit report     }
810 silly audit report   ],
810 silly audit report   swiper: [
810 silly audit report     {
810 silly audit report       id: 1113431,
810 silly audit report       url: 'https://github.com/advisories/GHSA-hmx5-qpq5-p643',
810 silly audit report       title: 'Prototype pollution in swiper',
810 silly audit report       severity: 'critical',
810 silly audit report       vulnerable_versions: '>=6.5.1 <12.1.2',
810 silly audit report       cwe: [Array],
810 silly audit report       cvss: [Object]
810 silly audit report     }
810 silly audit report   ],
810 silly audit report   tar: [
810 silly audit report     {
810 silly audit report       id: 1112659,
810 silly audit report       url: 'https://github.com/advisories/GHSA-34x7-hfp2-rc4v',
810 silly audit report       title: 'node-tar Vulnerable to Arbitrary File Creation/Overwrite via Hardlink Path Traversal',
810 silly audit report       severity: 'high',
810 silly audit report       vulnerable_versions: '<7.5.7',
810 silly audit report       cwe: [Array],
810 silly audit report       cvss: [Object]
810 silly audit report     },
810 silly audit report     {
810 silly audit report       id: 1113300,
810 silly audit report       url: 'https://github.com/advisories/GHSA-8qq5-rm4j-mr97',
810 silly audit report       title: 'node-tar is Vulnerable to Arbitrary File Overwrite and Symlink Poisoning via Insufficient Path Sanitization',
810 silly audit report       severity: 'high',
810 silly audit report       vulnerable_versions: '<=7.5.2',
810 silly audit report       cwe: [Array],
810 silly audit report       cvss: [Object]
810 silly audit report     },
810 silly audit report     {
810 silly audit report       id: 1113375,
810 silly audit report       url: 'https://github.com/advisories/GHSA-83g3-92jg-28cx',
810 silly audit report       title: 'Arbitrary File Read/Write via Hardlink Target Escape Through Symlink Chain in node-tar Extraction',
810 silly audit report       severity: 'high',
810 silly audit report       vulnerable_versions: '<7.5.8',
810 silly audit report       cwe: [Array],
810 silly audit report       cvss: [Object]
810 silly audit report     },
810 silly audit report     {
810 silly audit report       id: 1114200,
810 silly audit report       url: 'https://github.com/advisories/GHSA-qffp-2rhf-9h96',
810 silly audit report       title: 'tar has Hardlink Path Traversal via Drive-Relative Linkpath',
810 silly audit report       severity: 'high',
810 silly audit report       vulnerable_versions: '<=7.5.9',
810 silly audit report       cwe: [Array],
810 silly audit report       cvss: [Object]
810 silly audit report     },
810 silly audit report     {
810 silly audit report       id: 1114302,
810 silly audit report       url: 'https://github.com/advisories/GHSA-9ppj-qmqm-q256',
810 silly audit report       title: 'node-tar Symlink Path Traversal via Drive-Relative Linkpath',
810 silly audit report       severity: 'high',
810 silly audit report       vulnerable_versions: '<=7.5.10',
810 silly audit report       cwe: [Array],
810 silly audit report       cvss: [Object]
810 silly audit report     },
810 silly audit report     {
810 silly audit report       id: 1114680,
810 silly audit report       url: 'https://github.com/advisories/GHSA-r6q2-hw4h-h46w',
810 silly audit report       title: 'Race Condition in node-tar Path Reservations via Unicode Ligature Collisions on macOS APFS',
810 silly audit report       severity: 'high',
810 silly audit report       vulnerable_versions: '<=7.5.3',
810 silly audit report       cwe: [Array],
810 silly audit report       cvss: [Object]
810 silly audit report     }
810 silly audit report   ],
810 silly audit report   vite: [
810 silly audit report     {
810 silly audit report       id: 1104176,
810 silly audit report       url: 'https://github.com/advisories/GHSA-859w-5945-r5v3',
810 silly audit report       title: "Vite's server.fs.deny bypassed with /. for files under project root",
810 silly audit report       severity: 'moderate',
810 silly audit report       vulnerable_versions: '>=6.3.0 <=6.3.3',
810 silly audit report       cwe: [Array],
810 silly audit report       cvss: [Object]
810 silly audit report     },
810 silly audit report     {
810 silly audit report       id: 1107324,
810 silly audit report       url: 'https://github.com/advisories/GHSA-g4jq-h2w9-997c',
810 silly audit report       title: 'Vite middleware may serve files starting with the same name with the public directory',
810 silly audit report       severity: 'low',
810 silly audit report       vulnerable_versions: '>=6.0.0 <=6.3.5',
810 silly audit report       cwe: [Array],
810 silly audit report       cvss: [Object]
810 silly audit report     },
810 silly audit report     {
810 silly audit report       id: 1107328,
810 silly audit report       url: 'https://github.com/advisories/GHSA-jqfw-vq24-v9c3',
810 silly audit report       title: "Vite's `server.fs` settings were not applied to HTML files",
810 silly audit report       severity: 'low',
810 silly audit report       vulnerable_versions: '>=6.0.0 <=6.3.5',
810 silly audit report       cwe: [Array],
810 silly audit report       cvss: [Object]
810 silly audit report     },
810 silly audit report     {
810 silly audit report       id: 1109135,
810 silly audit report       url: 'https://github.com/advisories/GHSA-93m4-6634-74q7',
810 silly audit report       title: 'vite allows server.fs.deny bypass via backslash on Windows',
810 silly audit report       severity: 'moderate',
810 silly audit report       vulnerable_versions: '>=6.0.0 <=6.4.0',
810 silly audit report       cwe: [Array],
810 silly audit report       cvss: [Object]
810 silly audit report     },
810 silly audit report     {
810 silly audit report       id: 1116229,
810 silly audit report       url: 'https://github.com/advisories/GHSA-4w7w-66w2-5vf9',
810 silly audit report       title: 'Vite Vulnerable to Path Traversal in Optimized Deps `.map` Handling',
810 silly audit report       severity: 'moderate',
810 silly audit report       vulnerable_versions: '<=6.4.1',
810 silly audit report       cwe: [Array],
810 silly audit report       cvss: [Object]
810 silly audit report     },
810 silly audit report     {
810 silly audit report       id: 1116234,
810 silly audit report       url: 'https://github.com/advisories/GHSA-p9ff-h696-f583',
810 silly audit report       title: 'Vite Vulnerable to Arbitrary File Read via Vite Dev Server WebSocket',
810 silly audit report       severity: 'high',
810 silly audit report       vulnerable_versions: '>=6.0.0 <=6.4.1',
810 silly audit report       cwe: [Array],
810 silly audit report       cvss: [Object]
810 silly audit report     }
810 silly audit report   ]
810 silly audit report }
811 silly packumentCache corgi:https://registry.npmjs.org/picomatch cache-miss
812 silly packumentCache corgi:https://registry.npmjs.org/brace-expansion cache-miss
813 silly packumentCache corgi:https://registry.npmjs.org/markdown-it cache-miss
814 silly packumentCache corgi:https://registry.npmjs.org/minimatch cache-miss
815 silly packumentCache corgi:https://registry.npmjs.org/path-to-regexp cache-miss
816 silly packumentCache corgi:https://registry.npmjs.org/postcss cache-miss
817 silly packumentCache corgi:https://registry.npmjs.org/qs cache-miss
818 silly packumentCache corgi:https://registry.npmjs.org/rollup cache-miss
819 silly packumentCache corgi:https://registry.npmjs.org/semver cache-miss
820 silly packumentCache corgi:https://registry.npmjs.org/swiper cache-miss
821 silly packumentCache corgi:https://registry.npmjs.org/tar cache-miss
822 silly packumentCache corgi:https://registry.npmjs.org/vite cache-miss
823 http fetch GET 200 https://registry.npmjs.org/tunnel-agent/-/tunnel-agent-0.6.0.tgz 666ms (cache miss)
824 http fetch GET 200 https://registry.npmjs.org/node-abi/-/node-abi-3.92.0.tgz 788ms (cache miss)
825 http fetch GET 200 https://registry.npmjs.org/simple-concat/-/simple-concat-1.0.1.tgz 788ms (cache miss)
826 http fetch GET 200 https://registry.npmjs.org/mkdirp-classic/-/mkdirp-classic-0.5.3.tgz 789ms (cache miss)
827 http fetch GET 200 https://registry.npmjs.org/napi-build-utils/-/napi-build-utils-2.0.0.tgz 795ms (cache miss)
828 http fetch GET 200 https://registry.npmjs.org/github-from-package/-/github-from-package-0.0.0.tgz 839ms (cache miss)
829 http fetch GET 200 https://registry.npmjs.org/bindings/-/bindings-1.5.0.tgz 855ms (cache miss)
830 http fetch GET 200 https://registry.npmjs.org/rc/-/rc-1.2.8.tgz 885ms (cache miss)
831 http fetch GET 200 https://registry.npmjs.org/pump/-/pump-3.0.4.tgz 885ms (cache miss)
832 http fetch GET 200 https://registry.npmjs.org/prebuild-install/-/prebuild-install-7.1.3.tgz 1107ms (cache miss)
833 warn deprecated prebuild-install@7.1.3: No longer maintained. Please contact the author of the relevant native addon; alternatives are available.
834 http fetch GET 200 https://registry.npmjs.org/expand-template/-/expand-template-2.0.3.tgz 1108ms (cache miss)
835 http fetch GET 200 https://registry.npmjs.org/unicorn-magic/-/unicorn-magic-0.3.0.tgz 1109ms (cache miss)
836 http fetch GET 200 https://registry.npmjs.org/vary/-/vary-1.1.2.tgz 1109ms (cache miss)
837 http fetch GET 200 https://registry.npmjs.org/mimic-response/-/mimic-response-3.1.0.tgz 1112ms (cache miss)
838 http fetch GET 200 https://registry.npmjs.org/yallist/-/yallist-5.0.0.tgz 1110ms (cache miss)
839 http fetch GET 200 https://registry.npmjs.org/minimist/-/minimist-1.2.8.tgz 1111ms (cache miss)
840 http fetch GET 200 https://registry.npmjs.org/decompress-response/-/decompress-response-6.0.0.tgz 1299ms (cache miss)
841 http fetch GET 200 https://registry.npmjs.org/bl/-/bl-4.1.0.tgz 1299ms (cache miss)
842 http fetch GET 200 https://registry.npmjs.org/strip-json-comments/-/strip-json-comments-2.0.1.tgz 1299ms (cache miss)
843 http fetch GET 200 https://registry.npmjs.org/deep-extend/-/deep-extend-0.6.0.tgz 1300ms (cache miss)
844 http fetch GET 200 https://registry.npmjs.org/utils-merge/-/utils-merge-1.0.1.tgz 1300ms (cache miss)
845 http fetch GET 200 https://registry.npmjs.org/file-uri-to-path/-/file-uri-to-path-1.0.0.tgz 1313ms (cache miss)
846 http fetch GET 200 https://registry.npmjs.org/toidentifier/-/toidentifier-1.0.1.tgz 1319ms (cache miss)
847 http fetch GET 200 https://registry.npmjs.org/uc.micro/-/uc.micro-2.1.0.tgz 1321ms (cache miss)
848 http fetch GET 200 https://registry.npmjs.org/undici-types/-/undici-types-7.10.0.tgz 1328ms (cache miss)
849 http fetch GET 200 https://registry.npmjs.org/type-is/-/type-is-1.6.18.tgz 1379ms (cache miss)
850 http fetch GET 200 https://registry.npmjs.org/touch/-/touch-3.1.1.tgz 1520ms (cache miss)
851 http fetch GET 200 https://registry.npmjs.org/tapable/-/tapable-2.2.2.tgz 1718ms (cache miss)
852 http fetch GET 200 https://registry.npmjs.org/to-regex-range/-/to-regex-range-5.0.1.tgz 1810ms (cache miss)
853 http fetch GET 200 https://registry.npmjs.org/tinyglobby/-/tinyglobby-0.2.13.tgz 1813ms (cache miss)
854 http fetch GET 200 https://registry.npmjs.org/unpipe/-/unpipe-1.0.0.tgz 1823ms (cache miss)
855 http fetch GET 200 https://registry.npmjs.org/undefsafe/-/undefsafe-2.0.5.tgz 1834ms (cache miss)
856 http fetch GET 200 https://registry.npmjs.org/statuses/-/statuses-2.0.1.tgz 1861ms (cache miss)
857 http fetch GET 200 https://registry.npmjs.org/vite/-/vite-6.3.2.tgz 1873ms (cache miss)
858 http fetch GET 200 https://registry.npmjs.org/side-channel/-/side-channel-1.1.0.tgz 2143ms (cache miss)
859 http fetch GET 200 https://registry.npmjs.org/simple-update-notifier/-/simple-update-notifier-1.1.0.tgz 2144ms (cache miss)
860 http fetch GET 200 https://registry.npmjs.org/side-channel-weakmap/-/side-channel-weakmap-1.0.2.tgz 2144ms (cache miss)
861 http fetch GET 200 https://registry.npmjs.org/serve-static/-/serve-static-1.16.2.tgz 2144ms (cache miss)
862 http fetch GET 200 https://registry.npmjs.org/tailwindcss/-/tailwindcss-4.1.11.tgz 2149ms (cache miss)
863 http fetch GET 200 https://registry.npmjs.org/slash/-/slash-5.1.0.tgz 2337ms (cache miss)
864 http fetch GET 200 https://registry.npmjs.org/supports-color/-/supports-color-5.5.0.tgz 2373ms (cache miss)
865 http fetch GET 200 https://registry.npmjs.org/setprototypeof/-/setprototypeof-1.2.0.tgz 2375ms (cache miss)
866 http fetch GET 200 https://registry.npmjs.org/semver/-/semver-5.7.2.tgz 2375ms (cache miss)
867 http fetch GET 200 https://registry.npmjs.org/send/-/send-0.19.0.tgz 2532ms (cache miss)
868 http fetch GET 200 https://registry.npmjs.org/wrappy/-/wrappy-1.0.2.tgz 2541ms (cache miss)
869 http fetch GET 200 https://registry.npmjs.org/safer-buffer/-/safer-buffer-2.1.2.tgz 2663ms (cache miss)
870 http fetch GET 200 https://registry.npmjs.org/side-channel-list/-/side-channel-list-1.0.0.tgz 2665ms (cache miss)
871 http fetch GET 200 https://registry.npmjs.org/raw-body/-/raw-body-2.5.2.tgz 2664ms (cache miss)
872 http fetch GET 200 https://registry.npmjs.org/reusify/-/reusify-1.1.0.tgz 2664ms (cache miss)
873 http fetch GET 200 https://registry.npmjs.org/range-parser/-/range-parser-1.2.1.tgz 2884ms (cache miss)
874 http fetch GET 200 https://registry.npmjs.org/proxy-addr/-/proxy-addr-2.0.7.tgz 2890ms (cache miss)
875 http fetch GET 200 https://registry.npmjs.org/tar/-/tar-7.4.3.tgz 2912ms (cache miss)
876 http fetch GET 200 https://registry.npmjs.org/promise-worker-transferable/-/promise-worker-transferable-1.0.4.tgz 2938ms (cache miss)
877 http fetch GET 200 https://registry.npmjs.org/safe-buffer/-/safe-buffer-5.2.1.tgz 2971ms (cache miss)
878 http fetch GET 200 https://registry.npmjs.org/punycode.js/-/punycode.js-2.3.1.tgz 2971ms (cache miss)
879 http fetch GET 200 https://registry.npmjs.org/side-channel-map/-/side-channel-map-1.0.1.tgz 2996ms (cache miss)
880 http fetch GET 200 https://registry.npmjs.org/run-parallel/-/run-parallel-1.2.0.tgz 3085ms (cache miss)
881 http fetch GET 200 https://registry.npmjs.org/picocolors/-/picocolors-1.1.1.tgz 3186ms (cache miss)
882 http fetch GET 200 https://registry.npmjs.org/readdirp/-/readdirp-3.6.0.tgz 3269ms (cache miss)
883 http fetch GET 200 https://registry.npmjs.org/pstree.remy/-/pstree.remy-1.1.8.tgz 3299ms (cache miss)
884 http fetch GET 200 https://registry.npmjs.org/p-timeout/-/p-timeout-6.1.4.tgz 3353ms (cache miss)
885 http fetch GET 200 https://registry.npmjs.org/path-type/-/path-type-6.0.0.tgz 3407ms (cache miss)
886 http fetch GET 200 https://registry.npmjs.org/parseurl/-/parseurl-1.3.3.tgz 3428ms (cache miss)
887 http fetch GET 200 https://registry.npmjs.org/swiper/-/swiper-11.2.10.tgz 3510ms (cache miss)
888 http fetch GET 200 https://registry.npmjs.org/p-map/-/p-map-7.0.3.tgz 3515ms (cache miss)
889 http fetch GET 200 https://registry.npmjs.org/path-to-regexp/-/path-to-regexp-0.1.12.tgz 3525ms (cache miss)
890 http fetch GET 200 https://registry.npmjs.org/p-filter/-/p-filter-4.1.0.tgz 3560ms (cache miss)
891 http fetch GET 200 https://registry.npmjs.org/source-map-js/-/source-map-js-1.2.1.tgz 3601ms (cache miss)
892 http fetch GET 200 https://registry.npmjs.org/normalize.css/-/normalize.css-8.0.1.tgz 3724ms (cache miss)
893 http fetch GET 200 https://registry.npmjs.org/negotiator/-/negotiator-0.6.3.tgz 3907ms (cache miss)
894 http fetch GET 200 https://registry.npmjs.org/qs/-/qs-6.13.0.tgz 3928ms (cache miss)
895 http fetch GET 200 https://registry.npmjs.org/p-event/-/p-event-6.0.1.tgz 3932ms (cache miss)
896 http fetch GET 200 https://registry.npmjs.org/normalize-path/-/normalize-path-3.0.0.tgz 3945ms (cache miss)
897 http fetch GET 200 https://registry.npmjs.org/rollup/-/rollup-4.40.0.tgz 4124ms (cache miss)
898 http fetch GET 200 https://registry.npmjs.org/ms/-/ms-2.0.0.tgz 4240ms (cache miss)
899 http fetch GET 200 https://registry.npmjs.org/minipass/-/minipass-7.1.2.tgz 4245ms (cache miss)
900 http fetch GET 200 https://registry.npmjs.org/minimatch/-/minimatch-3.1.2.tgz 4350ms (cache miss)
901 http fetch GET 200 https://registry.npmjs.org/nanoid/-/nanoid-3.3.11.tgz 4372ms (cache miss)
902 http fetch GET 200 https://registry.npmjs.org/queue-microtask/-/queue-microtask-1.2.3.tgz 4449ms (cache miss)
903 http fetch GET 200 https://registry.npmjs.org/mime/-/mime-1.6.0.tgz 4468ms (cache miss)
904 http fetch GET 200 https://registry.npmjs.org/mkdirp/-/mkdirp-3.0.1.tgz 4485ms (cache miss)
905 http fetch GET 200 https://registry.npmjs.org/object-assign/-/object-assign-4.1.1.tgz 4493ms (cache miss)
906 http fetch GET 200 https://registry.npmjs.org/on-finished/-/on-finished-2.4.1.tgz 4504ms (cache miss)
907 http fetch GET 200 https://registry.npmjs.org/object-inspect/-/object-inspect-1.13.4.tgz 4516ms (cache miss)
908 http fetch GET 200 https://registry.npmjs.org/picomatch/-/picomatch-4.0.2.tgz 4531ms (cache miss)
909 http fetch GET 200 https://registry.npmjs.org/micromatch/-/micromatch-4.0.8.tgz 4578ms (cache miss)
910 http fetch GET 200 https://registry.npmjs.org/mime-types/-/mime-types-2.1.35.tgz 4757ms (cache miss)
911 http fetch GET 200 https://registry.npmjs.org/methods/-/methods-1.1.2.tgz 4758ms (cache miss)
912 http fetch GET 200 https://registry.npmjs.org/nodemon/-/nodemon-2.0.22.tgz 4759ms (cache miss)
913 http fetch GET 200 https://registry.npmjs.org/marked/-/marked-16.2.0.tgz 4802ms (cache miss)
914 http fetch GET 200 https://registry.npmjs.org/mdurl/-/mdurl-2.0.0.tgz 4841ms (cache miss)
915 http fetch GET 200 https://registry.npmjs.org/math-intrinsics/-/math-intrinsics-1.1.0.tgz 4893ms (cache miss)
916 http fetch GET 200 https://registry.npmjs.org/merge2/-/merge2-1.4.1.tgz 4959ms (cache miss)
917 http fetch GET 200 https://registry.npmjs.org/merge-descriptors/-/merge-descriptors-1.0.3.tgz 4959ms (cache miss)
918 http fetch GET 200 https://registry.npmjs.org/postcss/-/postcss-8.5.3.tgz 4962ms (cache miss)
919 http fetch GET 200 https://registry.npmjs.org/lodash.debounce/-/lodash.debounce-4.0.8.tgz 4971ms (cache miss)
920 http fetch GET 200 https://registry.npmjs.org/media-typer/-/media-typer-0.3.0.tgz 5002ms (cache miss)
921 http fetch GET 200 https://registry.npmjs.org/lodash.throttle/-/lodash.throttle-4.1.1.tgz 5042ms (cache miss)
922 http fetch GET 200 https://registry.npmjs.org/lit/-/lit-3.3.0.tgz 5069ms (cache miss)
923 http fetch GET 200 https://registry.npmjs.org/minizlib/-/minizlib-3.0.2.tgz 5097ms (cache miss)
924 http fetch GET 200 https://registry.npmjs.org/is-promise/-/is-promise-2.2.2.tgz 5358ms (cache miss)
925 http fetch GET 200 https://registry.npmjs.org/junk/-/junk-4.0.1.tgz 5521ms (cache miss)
926 http fetch GET 200 https://registry.npmjs.org/linkify-it/-/linkify-it-5.0.0.tgz 5523ms (cache miss)
927 http fetch GET 200 https://registry.npmjs.org/lit-element/-/lit-element-4.2.0.tgz 5528ms (cache miss)
928 http fetch GET 200 https://registry.npmjs.org/mime-db/-/mime-db-1.52.0.tgz 5607ms (cache miss)
929 http fetch GET 200 https://registry.npmjs.org/is-extglob/-/is-extglob-2.1.1.tgz 5702ms (cache miss)
930 http fetch GET 200 https://registry.npmjs.org/lit-html/-/lit-html-3.3.0.tgz 5816ms (cache miss)
931 http fetch GET 200 https://registry.npmjs.org/stripe/-/stripe-12.18.0.tgz 5899ms (cache miss)
932 http fetch GET 200 https://registry.npmjs.org/markdown-it/-/markdown-it-14.1.0.tgz 5921ms (cache miss)
933 http fetch GET 200 https://registry.npmjs.org/ignore-by-default/-/ignore-by-default-1.0.1.tgz 5963ms (cache miss)
934 http fetch GET 200 https://registry.npmjs.org/lie/-/lie-3.3.0.tgz 6036ms (cache miss)
935 http fetch GET 200 https://registry.npmjs.org/ipaddr.js/-/ipaddr.js-1.9.1.tgz 6051ms (cache miss)
936 http fetch GET 200 https://registry.npmjs.org/is-number/-/is-number-7.0.0.tgz 6092ms (cache miss)
937 http fetch GET 200 https://registry.npmjs.org/http-errors/-/http-errors-2.0.0.tgz 6117ms (cache miss)
938 http fetch GET 200 https://registry.npmjs.org/lightningcss/-/lightningcss-1.30.1.tgz 6121ms (cache miss)
939 http fetch GET 200 https://registry.npmjs.org/ignore/-/ignore-7.0.3.tgz 6194ms (cache miss)
940 http fetch GET 200 https://registry.npmjs.org/has-flag/-/has-flag-3.0.0.tgz 6326ms (cache miss)
941 http fetch GET 200 https://registry.npmjs.org/inherits/-/inherits-2.0.4.tgz 6330ms (cache miss)
942 http fetch GET 200 https://registry.npmjs.org/immediate/-/immediate-3.0.6.tgz 6359ms (cache miss)
943 http fetch GET 200 https://registry.npmjs.org/graceful-fs/-/graceful-fs-4.2.11.tgz 6422ms (cache miss)
944 http fetch GET 200 https://registry.npmjs.org/is-binary-path/-/is-binary-path-2.1.0.tgz 6449ms (cache miss)
945 http fetch GET 200 https://registry.npmjs.org/glob-parent/-/glob-parent-5.1.2.tgz 6553ms (cache miss)
946 http fetch GET 200 https://registry.npmjs.org/has-symbols/-/has-symbols-1.1.0.tgz 6575ms (cache miss)
947 http fetch GET 200 https://registry.npmjs.org/better-sqlite3/-/better-sqlite3-11.10.0.tgz 6595ms (cache miss)
948 http fetch GET 200 https://registry.npmjs.org/globby/-/globby-14.1.0.tgz 6596ms (cache miss)
949 http fetch GET 200 https://registry.npmjs.org/get-intrinsic/-/get-intrinsic-1.3.0.tgz 6668ms (cache miss)
950 http fetch GET 200 https://registry.npmjs.org/gopd/-/gopd-1.2.0.tgz 6680ms (cache miss)
951 http fetch GET 200 https://registry.npmjs.org/iconv-lite/-/iconv-lite-0.4.24.tgz 6691ms (cache miss)
952 http fetch GET 200 https://registry.npmjs.org/get-proto/-/get-proto-1.0.1.tgz 6728ms (cache miss)
953 http fetch GET 200 https://registry.npmjs.org/finalhandler/-/finalhandler-1.3.1.tgz 6846ms (cache miss)
954 http fetch GET 200 https://registry.npmjs.org/is-glob/-/is-glob-4.0.3.tgz 6855ms (cache miss)
955 http fetch GET 200 https://registry.npmjs.org/forwarded/-/forwarded-0.2.0.tgz 6928ms (cache miss)
956 http fetch GET 200 https://registry.npmjs.org/fresh/-/fresh-0.5.2.tgz 6942ms (cache miss)
957 http fetch GET 200 https://registry.npmjs.org/fast-glob/-/fast-glob-3.3.3.tgz 6975ms (cache miss)
958 http fetch GET 200 https://registry.npmjs.org/fdir/-/fdir-6.4.4.tgz 7085ms (cache miss)
959 http fetch GET 200 https://registry.npmjs.org/magic-string/-/magic-string-0.30.17.tgz 7088ms (cache miss)
960 http fetch GET 200 https://registry.npmjs.org/function-bind/-/function-bind-1.1.2.tgz 7099ms (cache miss)
961 http fetch GET 200 https://registry.npmjs.org/fsevents/-/fsevents-2.3.3.tgz 7124ms (cache miss)
962 http fetch GET 200 https://registry.npmjs.org/escape-html/-/escape-html-1.0.3.tgz 7173ms (cache miss)
963 http fetch GET 200 https://registry.npmjs.org/etag/-/etag-1.8.1.tgz 7195ms (cache miss)
964 http fetch GET 200 https://registry.npmjs.org/fastq/-/fastq-1.19.1.tgz 7202ms (cache miss)
965 http fetch GET 200 https://registry.npmjs.org/es-errors/-/es-errors-1.3.0.tgz 7373ms (cache miss)
966 http fetch GET 200 https://registry.npmjs.org/destroy/-/destroy-1.2.0.tgz 7468ms (cache miss)
967 http fetch GET 200 https://registry.npmjs.org/hasown/-/hasown-2.0.2.tgz 7508ms (cache miss)
968 http fetch GET 200 https://registry.npmjs.org/encodeurl/-/encodeurl-2.0.0.tgz 7602ms (cache miss)
969 http fetch GET 200 https://registry.npmjs.org/dunder-proto/-/dunder-proto-1.0.1.tgz 7653ms (cache miss)
970 http fetch GET 200 https://registry.npmjs.org/es-object-atoms/-/es-object-atoms-1.1.1.tgz 7653ms (cache miss)
971 http fetch GET 200 https://registry.npmjs.org/fill-range/-/fill-range-7.1.1.tgz 7664ms (cache miss)
972 http fetch GET 200 https://registry.npmjs.org/jiti/-/jiti-2.4.2.tgz 7671ms (cache miss)
973 http fetch GET 200 https://registry.npmjs.org/ee-first/-/ee-first-1.1.1.tgz 7717ms (cache miss)
974 http fetch GET 200 https://registry.npmjs.org/esbuild/-/esbuild-0.25.2.tgz 7763ms (cache miss)
975 http fetch GET 200 https://registry.npmjs.org/detect-libc/-/detect-libc-2.0.4.tgz 7787ms (cache miss)
976 http fetch GET 200 https://registry.npmjs.org/content-type/-/content-type-1.0.5.tgz 8043ms (cache miss)
977 http fetch GET 200 https://registry.npmjs.org/cookie/-/cookie-0.7.1.tgz 8108ms (cache miss)
978 http fetch GET 200 https://registry.npmjs.org/cpy/-/cpy-11.1.0.tgz 8113ms (cache miss)
979 http fetch GET 200 https://registry.npmjs.org/express/-/express-4.21.2.tgz 8132ms (cache miss)
980 http fetch GET 200 https://registry.npmjs.org/depd/-/depd-2.0.0.tgz 8144ms (cache miss)
981 http fetch GET 200 https://registry.npmjs.org/debug/-/debug-2.6.9.tgz 8161ms (cache miss)
982 http fetch GET 200 https://registry.npmjs.org/enhanced-resolve/-/enhanced-resolve-5.18.2.tgz 8163ms (cache miss)
983 http fetch GET 200 https://registry.npmjs.org/gsap/-/gsap-3.12.7.tgz 8172ms (cache miss)
984 http fetch GET 200 https://registry.npmjs.org/es-define-property/-/es-define-property-1.0.1.tgz 8199ms (cache miss)
985 http fetch GET 200 https://registry.npmjs.org/content-disposition/-/content-disposition-0.5.4.tgz 8418ms (cache miss)
986 http fetch GET 200 https://registry.npmjs.org/call-bound/-/call-bound-1.0.4.tgz 8425ms (cache miss)
987 http fetch GET 200 https://registry.npmjs.org/array-flatten/-/array-flatten-1.1.1.tgz 8643ms (cache miss)
988 http fetch GET 200 https://registry.npmjs.org/bytes/-/bytes-3.1.2.tgz 8650ms (cache miss)
989 http fetch GET 200 https://registry.npmjs.org/chownr/-/chownr-3.0.0.tgz 8670ms (cache miss)
990 http fetch GET 200 https://registry.npmjs.org/classlist-polyfill/-/classlist-polyfill-1.2.0.tgz 8681ms (cache miss)
991 http fetch GET 200 https://registry.npmjs.org/body-parser/-/body-parser-1.20.3.tgz 8685ms (cache miss)
992 http fetch GET 200 https://registry.npmjs.org/cookie-signature/-/cookie-signature-1.0.6.tgz 8711ms (cache miss)
993 http fetch GET 200 https://registry.npmjs.org/lightningcss-darwin-arm64/-/lightningcss-darwin-arm64-1.30.1.tgz 8718ms (cache miss)
994 http fetch GET 200 https://registry.npmjs.org/cors/-/cors-2.8.5.tgz 8717ms (cache miss)
995 http fetch GET 200 https://registry.npmjs.org/chokidar/-/chokidar-3.6.0.tgz 8787ms (cache miss)
996 http fetch GET 200 https://registry.npmjs.org/balanced-match/-/balanced-match-1.0.2.tgz 8940ms (cache miss)
997 http fetch GET 200 https://registry.npmjs.org/binary-extensions/-/binary-extensions-2.3.0.tgz 8940ms (cache miss)
998 http fetch GET 200 https://registry.npmjs.org/anymatch/-/anymatch-3.1.3.tgz 8961ms (cache miss)
999 http fetch GET 200 https://registry.npmjs.org/call-bind-apply-helpers/-/call-bind-apply-helpers-1.0.2.tgz 8994ms (cache miss)
1000 http fetch GET 200 https://registry.npmjs.org/braces/-/braces-3.0.3.tgz 8997ms (cache miss)
1001 http fetch GET 200 https://registry.npmjs.org/@types/trusted-types/-/trusted-types-2.0.7.tgz 9043ms (cache miss)
1002 http fetch GET 200 https://registry.npmjs.org/concat-map/-/concat-map-0.0.1.tgz 9070ms (cache miss)
1003 http fetch GET 200 https://registry.npmjs.org/accepts/-/accepts-1.3.8.tgz 9141ms (cache miss)
1004 http fetch GET 200 https://registry.npmjs.org/brace-expansion/-/brace-expansion-1.1.12.tgz 9213ms (cache miss)
1005 http fetch GET 200 https://registry.npmjs.org/copy-file/-/copy-file-11.0.0.tgz 9272ms (cache miss)
1006 http fetch GET 200 https://registry.npmjs.org/@tailwindcss/oxide/-/oxide-4.1.11.tgz 9286ms (cache miss)
1007 http fetch GET 200 https://registry.npmjs.org/@tailwindcss/vite/-/vite-4.1.11.tgz 9322ms (cache miss)
1008 http fetch GET 200 https://registry.npmjs.org/@types/estree/-/estree-1.0.7.tgz 9335ms (cache miss)
1009 http fetch GET 200 https://registry.npmjs.org/@nodelib/fs.walk/-/fs.walk-1.2.8.tgz 9467ms (cache miss)
1010 http fetch GET 200 https://registry.npmjs.org/argparse/-/argparse-2.0.1.tgz 9469ms (cache miss)
1011 http fetch GET 200 https://registry.npmjs.org/@nodelib/fs.stat/-/fs.stat-2.0.5.tgz 9568ms (cache miss)
1012 http fetch GET 200 https://registry.npmjs.org/@tailwindcss/node/-/node-4.1.11.tgz 9590ms (cache miss)
1013 http fetch GET 200 https://registry.npmjs.org/@sindresorhus/merge-streams/-/merge-streams-2.3.0.tgz 9662ms (cache miss)
1014 http fetch GET 200 https://registry.npmjs.org/@jridgewell/sourcemap-codec/-/sourcemap-codec-1.5.4.tgz 9722ms (cache miss)
1015 http fetch GET 200 https://registry.npmjs.org/@nodelib/fs.scandir/-/fs.scandir-2.1.5.tgz 9788ms (cache miss)
1016 http fetch GET 200 https://registry.npmjs.org/@jridgewell/trace-mapping/-/trace-mapping-0.3.29.tgz 9848ms (cache miss)
1017 http fetch GET 200 https://registry.npmjs.org/@jridgewell/resolve-uri/-/resolve-uri-3.1.2.tgz 9993ms (cache miss)
1018 http fetch GET 200 https://registry.npmjs.org/@lit-labs/ssr-dom-shim/-/ssr-dom-shim-1.3.0.tgz 9994ms (cache miss)
1019 http fetch GET 200 https://registry.npmjs.org/@jridgewell/gen-mapping/-/gen-mapping-0.3.12.tgz 9994ms (cache miss)
1020 http fetch GET 200 https://registry.npmjs.org/aos/-/aos-2.3.4.tgz 10046ms (cache miss)
1021 http fetch GET 200 https://registry.npmjs.org/@ampproject/remapping/-/remapping-2.3.0.tgz 10114ms (cache miss)
1022 http fetch GET 200 https://registry.npmjs.org/dotenv/-/dotenv-16.6.1.tgz 10174ms (cache miss)
1023 http fetch GET 200 https://registry.npmjs.org/chownr/-/chownr-1.1.4.tgz 10245ms (cache miss)
1024 http fetch GET 200 https://registry.npmjs.org/entities/-/entities-4.5.0.tgz 10378ms (cache miss)
1025 http fetch GET 200 https://registry.npmjs.org/@isaacs/fs-minipass/-/fs-minipass-4.0.1.tgz 10416ms (cache miss)
1026 http fetch GET 200 https://registry.npmjs.org/semver/-/semver-7.0.0.tgz 10523ms (cache miss)
1027 http fetch GET 200 https://registry.npmjs.org/ms/-/ms-2.1.3.tgz 10553ms (cache miss)
1028 http fetch GET 200 https://registry.npmjs.org/ms/-/ms-2.1.3.tgz 10633ms (cache miss)
1029 http fetch GET 200 https://registry.npmjs.org/encodeurl/-/encodeurl-1.0.2.tgz 10745ms (cache miss)
1030 http fetch GET 200 https://registry.npmjs.org/@types/node/-/node-24.3.0.tgz 10819ms (cache miss)
1031 http fetch GET 200 https://registry.npmjs.org/picomatch/-/picomatch-2.3.1.tgz 10870ms (cache miss)
1032 http fetch GET 200 https://registry.npmjs.org/debug/-/debug-3.2.7.tgz 10905ms (cache miss)
1033 http fetch GET 200 https://registry.npmjs.org/markdown-it 10657ms (cache miss)
1034 silly packumentCache corgi:https://registry.npmjs.org/markdown-it set size:undefined disposed:false
1035 http fetch GET 200 https://registry.npmjs.org/picomatch 10730ms (cache miss)
1036 silly packumentCache corgi:https://registry.npmjs.org/picomatch set size:undefined disposed:false
1037 http fetch GET 200 https://registry.npmjs.org/path-to-regexp 10746ms (cache miss)
1038 silly packumentCache corgi:https://registry.npmjs.org/path-to-regexp set size:undefined disposed:false
1039 http fetch GET 200 https://registry.npmjs.org/semver/-/semver-7.8.0.tgz 11465ms (cache miss)
1040 http fetch GET 200 https://registry.npmjs.org/brace-expansion 10946ms (cache miss)
1041 silly packumentCache corgi:https://registry.npmjs.org/brace-expansion set size:undefined disposed:false
1042 http fetch GET 200 https://registry.npmjs.org/postcss 11240ms (cache miss)
1043 silly packumentCache corgi:https://registry.npmjs.org/postcss set size:undefined disposed:false
1044 http fetch GET 200 https://registry.npmjs.org/qs 11366ms (cache miss)
1045 silly packumentCache corgi:https://registry.npmjs.org/qs set size:undefined disposed:false
1046 http fetch GET 200 https://registry.npmjs.org/minimatch 11473ms (cache miss)
1047 silly packumentCache corgi:https://registry.npmjs.org/minimatch set size:undefined disposed:false
1048 http fetch GET 200 https://registry.npmjs.org/@lit/reactive-element/-/reactive-element-2.1.0.tgz 12090ms (cache miss)
1049 http fetch GET 200 https://registry.npmjs.org/three/-/three-0.172.0.tgz 12336ms (cache miss)
1050 http fetch GET 200 https://registry.npmjs.org/picomatch/-/picomatch-2.3.1.tgz 12428ms (cache miss)
1051 http fetch GET 200 https://registry.npmjs.org/tar 11863ms (cache miss)
1052 silly packumentCache corgi:https://registry.npmjs.org/tar set size:undefined disposed:false
1053 http fetch GET 200 https://registry.npmjs.org/semver 11872ms (cache miss)
1054 silly packumentCache corgi:https://registry.npmjs.org/semver set size:undefined disposed:false
1055 http fetch GET 200 https://registry.npmjs.org/swiper 12004ms (cache miss)
1056 silly packumentCache corgi:https://registry.npmjs.org/swiper set size:undefined disposed:false
1057 http fetch GET 200 https://registry.npmjs.org/picomatch/-/picomatch-2.3.1.tgz 13190ms (cache miss)
1058 http fetch GET 200 https://registry.npmjs.org/vite 12614ms (cache miss)
1059 silly packumentCache corgi:https://registry.npmjs.org/vite set size:undefined disposed:false
1060 http fetch GET 200 https://registry.npmjs.org/@google/model-viewer/-/model-viewer-4.1.0.tgz 14537ms (cache miss)
1061 http fetch GET 200 https://registry.npmjs.org/@rollup/rollup-darwin-arm64/-/rollup-darwin-arm64-4.40.0.tgz 15531ms (cache miss)
1062 http fetch GET 200 https://registry.npmjs.org/@tailwindcss/oxide-darwin-arm64/-/oxide-darwin-arm64-4.1.11.tgz 16964ms (cache miss)
1063 http fetch GET 200 https://registry.npmjs.org/rollup 16408ms (cache miss)
1064 silly packumentCache corgi:https://registry.npmjs.org/rollup set size:undefined disposed:false
1065 silly packumentCache corgi:https://registry.npmjs.org/anymatch cache-miss
1066 silly packumentCache corgi:https://registry.npmjs.org/micromatch cache-miss
1067 silly packumentCache corgi:https://registry.npmjs.org/readdirp cache-miss
1068 http fetch GET 200 https://registry.npmjs.org/readdirp 282ms (cache miss)
1069 silly packumentCache corgi:https://registry.npmjs.org/readdirp set size:undefined disposed:false
1070 http fetch GET 200 https://registry.npmjs.org/anymatch 303ms (cache miss)
1071 silly packumentCache corgi:https://registry.npmjs.org/anymatch set size:undefined disposed:false
1072 http fetch GET 200 https://registry.npmjs.org/micromatch 481ms (cache miss)
1073 silly packumentCache corgi:https://registry.npmjs.org/micromatch set size:undefined disposed:false
1074 silly packumentCache corgi:https://registry.npmjs.org/fdir cache-miss
1075 silly packumentCache corgi:https://registry.npmjs.org/tinyglobby cache-miss
1076 http fetch GET 200 https://registry.npmjs.org/tinyglobby 322ms (cache miss)
1077 silly packumentCache corgi:https://registry.npmjs.org/tinyglobby set size:undefined disposed:false
1078 http fetch GET 200 https://registry.npmjs.org/@monogrid/gainmap-js/-/gainmap-js-3.1.0.tgz 17852ms (cache miss)
1079 http fetch GET 200 https://registry.npmjs.org/fdir 1368ms (cache miss)
1080 silly packumentCache corgi:https://registry.npmjs.org/fdir set size:undefined disposed:false
1081 silly packumentCache corgi:https://registry.npmjs.org/nodemon cache-miss
1082 http fetch GET 200 https://registry.npmjs.org/nodemon 741ms (cache miss)
1083 silly packumentCache corgi:https://registry.npmjs.org/nodemon set size:undefined disposed:false
1084 silly packumentCache corgi:https://registry.npmjs.org/express cache-miss
1085 http fetch GET 200 https://registry.npmjs.org/express 492ms (cache miss)
1086 silly packumentCache corgi:https://registry.npmjs.org/express set size:undefined disposed:false
1087 silly packumentCache corgi:https://registry.npmjs.org/body-parser cache-miss
1088 silly packumentCache corgi:https://registry.npmjs.org/stripe cache-miss
1089 http fetch GET 200 https://registry.npmjs.org/body-parser 497ms (cache miss)
1090 silly packumentCache corgi:https://registry.npmjs.org/body-parser set size:undefined disposed:false
1091 http fetch GET 200 https://registry.npmjs.org/stripe 7254ms (cache miss)
1092 silly packumentCache corgi:https://registry.npmjs.org/stripe set size:undefined disposed:false
1093 silly packumentCache corgi:https://registry.npmjs.org/simple-update-notifier cache-miss
1094 http fetch GET 200 https://registry.npmjs.org/simple-update-notifier 289ms (cache miss)
1095 silly packumentCache corgi:https://registry.npmjs.org/simple-update-notifier set size:undefined disposed:false
1096 silly packumentCache corgi:https://registry.npmjs.org/@tailwindcss%2foxide cache-miss
1097 http fetch GET 200 https://registry.npmjs.org/@esbuild/darwin-arm64/-/darwin-arm64-0.25.2.tgz 29057ms (cache miss)
1098 info run better-sqlite3@11.10.0 install node_modules/better-sqlite3 prebuild-install || node-gyp rebuild --release
1099 http fetch GET 200 https://registry.npmjs.org/@tailwindcss%2foxide 1906ms (cache miss)
1100 silly packumentCache corgi:https://registry.npmjs.org/@tailwindcss%2foxide set size:undefined disposed:false
1101 silly packumentCache corgi:https://registry.npmjs.org/@tailwindcss%2fvite cache-miss
1102 http fetch GET 200 https://registry.npmjs.org/@tailwindcss%2fvite 823ms (cache miss)
1103 silly packumentCache corgi:https://registry.npmjs.org/@tailwindcss%2fvite set size:undefined disposed:false
1104 info run better-sqlite3@11.10.0 install { code: 0, signal: null }
1105 info run @tailwindcss/oxide@4.1.11 postinstall node_modules/@tailwindcss/oxide node ./scripts/install.js
1106 info run esbuild@0.25.2 postinstall node_modules/esbuild node install.js
1107 info run @tailwindcss/oxide@4.1.11 postinstall { code: 0, signal: null }
1108 info run esbuild@0.25.2 postinstall { code: 0, signal: null }
1109 silly ADD node_modules/util-deprecate
1110 silly ADD node_modules/string_decoder
1111 silly ADD node_modules/ieee754
1112 silly ADD node_modules/base64-js
1113 silly ADD node_modules/buffer
1114 silly ADD node_modules/readable-stream
1115 silly ADD node_modules/fs-constants
1116 silly ADD node_modules/bl
1117 silly ADD node_modules/tar-stream
1118 silly ADD node_modules/mimic-response
1119 silly ADD node_modules/simple-concat
1120 silly ADD node_modules/decompress-response
1121 silly ADD node_modules/strip-json-comments
1122 silly ADD node_modules/ini
1123 silly ADD node_modules/deep-extend
1124 silly ADD node_modules/wrappy
1125 silly ADD node_modules/once
1126 silly ADD node_modules/end-of-stream
1127 silly ADD node_modules/tunnel-agent
1128 silly ADD node_modules/tar-fs
1129 silly ADD node_modules/tar-fs/node_modules/chownr
1130 silly ADD node_modules/simple-get
1131 silly ADD node_modules/rc
1132 silly ADD node_modules/pump
1133 silly ADD node_modules/node-abi
1134 silly ADD node_modules/node-abi/node_modules/semver
1135 silly ADD node_modules/napi-build-utils
1136 silly ADD node_modules/mkdirp-classic
1137 silly ADD node_modules/minimist
1138 silly ADD node_modules/github-from-package
1139 silly ADD node_modules/expand-template
1140 silly ADD node_modules/file-uri-to-path
1141 silly ADD node_modules/prebuild-install
1142 silly ADD node_modules/bindings
1143 silly ADD node_modules/better-sqlite3
1144 silly ADD node_modules/yallist
1145 silly ADD node_modules/vite
1146 silly ADD node_modules/vary
1147 silly ADD node_modules/utils-merge
1148 silly ADD node_modules/unpipe
1149 silly ADD node_modules/unicorn-magic
1150 silly ADD node_modules/undici-types
1151 silly ADD node_modules/undefsafe
1152 silly ADD node_modules/uc.micro
1153 silly ADD node_modules/type-is
1154 silly ADD node_modules/touch
1155 silly ADD node_modules/toidentifier
1156 silly ADD node_modules/to-regex-range
1157 silly ADD node_modules/tinyglobby
1158 silly ADD node_modules/three
1159 silly ADD node_modules/tar
1160 silly ADD node_modules/tapable
1161 silly ADD node_modules/tailwindcss
1162 silly ADD node_modules/swiper
1163 silly ADD node_modules/supports-color
1164 silly ADD node_modules/stripe
1165 silly ADD node_modules/statuses
1166 silly ADD node_modules/source-map-js
1167 silly ADD node_modules/slash
1168 silly ADD node_modules/simple-update-notifier
1169 silly ADD node_modules/simple-update-notifier/node_modules/semver
1170 silly ADD node_modules/side-channel-weakmap
1171 silly ADD node_modules/side-channel-map
1172 silly ADD node_modules/side-channel-list
1173 silly ADD node_modules/side-channel
1174 silly ADD node_modules/setprototypeof
1175 silly ADD node_modules/serve-static
1176 silly ADD node_modules/send
1177 silly ADD node_modules/send/node_modules/ms
1178 silly ADD node_modules/send/node_modules/encodeurl
1179 silly ADD node_modules/semver
1180 silly ADD node_modules/safer-buffer
1181 silly ADD node_modules/safe-buffer
1182 silly ADD node_modules/run-parallel
1183 silly ADD node_modules/rollup
1184 silly ADD node_modules/reusify
1185 silly ADD node_modules/readdirp
1186 silly ADD node_modules/readdirp/node_modules/picomatch
1187 silly ADD node_modules/raw-body
1188 silly ADD node_modules/range-parser
1189 silly ADD node_modules/queue-microtask
1190 silly ADD node_modules/qs
1191 silly ADD node_modules/punycode.js
1192 silly ADD node_modules/pstree.remy
1193 silly ADD node_modules/proxy-addr
1194 silly ADD node_modules/promise-worker-transferable
1195 silly ADD node_modules/postcss
1196 silly ADD node_modules/picomatch
1197 silly ADD node_modules/picocolors
1198 silly ADD node_modules/path-type
1199 silly ADD node_modules/path-to-regexp
1200 silly ADD node_modules/parseurl
1201 silly ADD node_modules/p-timeout
1202 silly ADD node_modules/p-map
1203 silly ADD node_modules/p-filter
1204 silly ADD node_modules/p-event
1205 silly ADD node_modules/on-finished
1206 silly ADD node_modules/object-inspect
1207 silly ADD node_modules/object-assign
1208 silly ADD node_modules/normalize.css
1209 silly ADD node_modules/normalize-path
1210 silly ADD node_modules/nodemon
1211 silly ADD node_modules/nodemon/node_modules/ms
1212 silly ADD node_modules/nodemon/node_modules/debug
1213 silly ADD node_modules/negotiator
1214 silly ADD node_modules/nanoid
1215 silly ADD node_modules/ms
1216 silly ADD node_modules/mkdirp
1217 silly ADD node_modules/minizlib
1218 silly ADD node_modules/minipass
1219 silly ADD node_modules/minimatch
1220 silly ADD node_modules/mime-types
1221 silly ADD node_modules/mime-db
1222 silly ADD node_modules/mime
1223 silly ADD node_modules/micromatch
1224 silly ADD node_modules/micromatch/node_modules/picomatch
1225 silly ADD node_modules/methods
1226 silly ADD node_modules/merge2
1227 silly ADD node_modules/merge-descriptors
1228 silly ADD node_modules/media-typer
1229 silly ADD node_modules/mdurl
1230 silly ADD node_modules/math-intrinsics
1231 silly ADD node_modules/marked
1232 silly ADD node_modules/markdown-it
1233 silly ADD node_modules/magic-string
1234 silly ADD node_modules/lodash.throttle
1235 silly ADD node_modules/lodash.debounce
1236 silly ADD node_modules/lit-html
1237 silly ADD node_modules/lit-element
1238 silly ADD node_modules/lit
1239 silly ADD node_modules/linkify-it
1240 silly ADD node_modules/lightningcss-win32-x64-msvc
1241 silly ADD node_modules/lightningcss-win32-arm64-msvc
1242 silly ADD node_modules/lightningcss-linux-x64-musl
1243 silly ADD node_modules/lightningcss-linux-x64-gnu
1244 silly ADD node_modules/lightningcss-linux-arm64-musl
1245 silly ADD node_modules/lightningcss-linux-arm64-gnu
1246 silly ADD node_modules/lightningcss-linux-arm-gnueabihf
1247 silly ADD node_modules/lightningcss-freebsd-x64
1248 silly ADD node_modules/lightningcss-darwin-x64
1249 silly ADD node_modules/lightningcss-darwin-arm64
1250 silly ADD node_modules/lightningcss
1251 silly ADD node_modules/lie
1252 silly ADD node_modules/junk
1253 silly ADD node_modules/jiti
1254 silly ADD node_modules/is-promise
1255 silly ADD node_modules/is-number
1256 silly ADD node_modules/is-glob
1257 silly ADD node_modules/is-extglob
1258 silly ADD node_modules/is-binary-path
1259 silly ADD node_modules/ipaddr.js
1260 silly ADD node_modules/inherits
1261 silly ADD node_modules/immediate
1262 silly ADD node_modules/ignore-by-default
1263 silly ADD node_modules/ignore
1264 silly ADD node_modules/iconv-lite
1265 silly ADD node_modules/http-errors
1266 silly ADD node_modules/hasown
1267 silly ADD node_modules/has-symbols
1268 silly ADD node_modules/has-flag
1269 silly ADD node_modules/gsap
1270 silly ADD node_modules/graceful-fs
1271 silly ADD node_modules/gopd
1272 silly ADD node_modules/globby
1273 silly ADD node_modules/glob-parent
1274 silly ADD node_modules/get-proto
1275 silly ADD node_modules/get-intrinsic
1276 silly ADD node_modules/function-bind
1277 silly ADD node_modules/fsevents
1278 silly ADD node_modules/fresh
1279 silly ADD node_modules/forwarded
1280 silly ADD node_modules/finalhandler
1281 silly ADD node_modules/fill-range
1282 silly ADD node_modules/fdir
1283 silly ADD node_modules/fastq
1284 silly ADD node_modules/fast-glob
1285 silly ADD node_modules/express
1286 silly ADD node_modules/etag
1287 silly ADD node_modules/escape-html
1288 silly ADD node_modules/esbuild
1289 silly ADD node_modules/es-object-atoms
1290 silly ADD node_modules/es-errors
1291 silly ADD node_modules/es-define-property
1292 silly ADD node_modules/entities
1293 silly ADD node_modules/enhanced-resolve
1294 silly ADD node_modules/encodeurl
1295 silly ADD node_modules/ee-first
1296 silly ADD node_modules/dunder-proto
1297 silly ADD node_modules/dotenv
1298 silly ADD node_modules/detect-libc
1299 silly ADD node_modules/destroy
1300 silly ADD node_modules/depd
1301 silly ADD node_modules/debug
1302 silly ADD node_modules/cpy
1303 silly ADD node_modules/cors
1304 silly ADD node_modules/copy-file
1305 silly ADD node_modules/cookie-signature
1306 silly ADD node_modules/cookie
1307 silly ADD node_modules/content-type
1308 silly ADD node_modules/content-disposition
1309 silly ADD node_modules/concat-map
1310 silly ADD node_modules/classlist-polyfill
1311 silly ADD node_modules/chownr
1312 silly ADD node_modules/chokidar
1313 silly ADD node_modules/call-bound
1314 silly ADD node_modules/call-bind-apply-helpers
1315 silly ADD node_modules/bytes
1316 silly ADD node_modules/braces
1317 silly ADD node_modules/brace-expansion
1318 silly ADD node_modules/body-parser
1319 silly ADD node_modules/binary-extensions
1320 silly ADD node_modules/balanced-match
1321 silly ADD node_modules/array-flatten
1322 silly ADD node_modules/argparse
1323 silly ADD node_modules/aos
1324 silly ADD node_modules/anymatch
1325 silly ADD node_modules/anymatch/node_modules/picomatch
1326 silly ADD node_modules/accepts
1327 silly ADD node_modules/@types/trusted-types
1328 silly ADD node_modules/@types/node
1329 silly ADD node_modules/@types/estree
1330 silly ADD node_modules/@tailwindcss/vite
1331 silly ADD node_modules/@tailwindcss/oxide-win32-x64-msvc
1332 silly ADD node_modules/@tailwindcss/oxide-win32-arm64-msvc
1333 silly ADD node_modules/@tailwindcss/oxide-wasm32-wasi
1334 silly ADD node_modules/@tailwindcss/oxide-linux-x64-musl
1335 silly ADD node_modules/@tailwindcss/oxide-linux-x64-gnu
1336 silly ADD node_modules/@tailwindcss/oxide-linux-arm64-musl
1337 silly ADD node_modules/@tailwindcss/oxide-linux-arm64-gnu
1338 silly ADD node_modules/@tailwindcss/oxide-linux-arm-gnueabihf
1339 silly ADD node_modules/@tailwindcss/oxide-freebsd-x64
1340 silly ADD node_modules/@tailwindcss/oxide-darwin-x64
1341 silly ADD node_modules/@tailwindcss/oxide-darwin-arm64
1342 silly ADD node_modules/@tailwindcss/oxide-android-arm64
1343 silly ADD node_modules/@tailwindcss/oxide
1344 silly ADD node_modules/@tailwindcss/node
1345 silly ADD node_modules/@sindresorhus/merge-streams
1346 silly ADD node_modules/@rollup/rollup-win32-ia32-msvc
1347 silly ADD node_modules/@rollup/rollup-win32-arm64-msvc
1348 silly ADD node_modules/@rollup/rollup-linux-x64-musl
1349 silly ADD node_modules/@rollup/rollup-linux-x64-gnu
1350 silly ADD node_modules/@rollup/rollup-linux-s390x-gnu
1351 silly ADD node_modules/@rollup/rollup-linux-riscv64-musl
1352 silly ADD node_modules/@rollup/rollup-linux-riscv64-gnu
1353 silly ADD node_modules/@rollup/rollup-linux-powerpc64le-gnu
1354 silly ADD node_modules/@rollup/rollup-linux-loongarch64-gnu
1355 silly ADD node_modules/@rollup/rollup-linux-arm64-musl
1356 silly ADD node_modules/@rollup/rollup-linux-arm64-gnu
1357 silly ADD node_modules/@rollup/rollup-linux-arm-musleabihf
1358 silly ADD node_modules/@rollup/rollup-linux-arm-gnueabihf
1359 silly ADD node_modules/@rollup/rollup-freebsd-x64
1360 silly ADD node_modules/@rollup/rollup-freebsd-arm64
1361 silly ADD node_modules/@rollup/rollup-darwin-x64
1362 silly ADD node_modules/@rollup/rollup-darwin-arm64
1363 silly ADD node_modules/@rollup/rollup-android-arm64
1364 silly ADD node_modules/@rollup/rollup-android-arm-eabi
1365 silly ADD node_modules/@nodelib/fs.walk
1366 silly ADD node_modules/@nodelib/fs.stat
1367 silly ADD node_modules/@nodelib/fs.scandir
1368 silly ADD node_modules/@monogrid/gainmap-js
1369 silly ADD node_modules/@lit/reactive-element
1370 silly ADD node_modules/@lit-labs/ssr-dom-shim
1371 silly ADD node_modules/@jridgewell/trace-mapping
1372 silly ADD node_modules/@jridgewell/sourcemap-codec
1373 silly ADD node_modules/@jridgewell/resolve-uri
1374 silly ADD node_modules/@jridgewell/gen-mapping
1375 silly ADD node_modules/@isaacs/fs-minipass
1376 silly ADD node_modules/@google/model-viewer
1377 silly ADD node_modules/@esbuild/win32-ia32
1378 silly ADD node_modules/@esbuild/win32-arm64
1379 silly ADD node_modules/@esbuild/sunos-x64
1380 silly ADD node_modules/@esbuild/openbsd-x64
1381 silly ADD node_modules/@esbuild/openbsd-arm64
1382 silly ADD node_modules/@esbuild/netbsd-x64
1383 silly ADD node_modules/@esbuild/netbsd-arm64
1384 silly ADD node_modules/@esbuild/linux-x64
1385 silly ADD node_modules/@esbuild/linux-s390x
1386 silly ADD node_modules/@esbuild/linux-riscv64
1387 silly ADD node_modules/@esbuild/linux-ppc64
1388 silly ADD node_modules/@esbuild/linux-mips64el
1389 silly ADD node_modules/@esbuild/linux-loong64
1390 silly ADD node_modules/@esbuild/linux-ia32
1391 silly ADD node_modules/@esbuild/linux-arm64
1392 silly ADD node_modules/@esbuild/linux-arm
1393 silly ADD node_modules/@esbuild/freebsd-x64
1394 silly ADD node_modules/@esbuild/freebsd-arm64
1395 silly ADD node_modules/@esbuild/darwin-x64
1396 silly ADD node_modules/@esbuild/darwin-arm64
1397 silly ADD node_modules/@esbuild/android-x64
1398 silly ADD node_modules/@esbuild/android-arm64
1399 silly ADD node_modules/@esbuild/android-arm
1400 silly ADD node_modules/@esbuild/aix-ppc64
1401 silly ADD node_modules/@ampproject/remapping
1402 silly CHANGE node_modules/@rollup/rollup-win32-x64-msvc
1403 silly CHANGE node_modules/@esbuild/win32-x64
1404 verbose cwd /Users/skycastle3/Desktop/ICUE-mainsite-en
1405 verbose os Darwin 25.2.0
1406 verbose node v24.1.0
1407 verbose npm  v11.3.0
1408 notice
1408 notice New minor version of npm available! 11.3.0 -> 11.14.1
1408 notice Changelog: https://github.com/npm/cli/releases/tag/v11.14.1
1408 notice To update run: npm install -g npm@11.14.1
1408 notice  { force: true, Symbol(proc-log.meta): true }
1409 verbose exit 0
1410 info ok
